{"type":"FeatureCollection","features":[{"type":"Feature","properties":{"id":"3300100","name":"Angra dos Reis"},"geometry":{"type":"Polygon","coordinates":[[[-44.1956,-23.0983],[-44.1945,-23.1034],[-44.1905,-23.1022],[-44.1999,-23.109],[-44.2007,-23.1054],[-44.2071,-23.1036],[-44.2173,-23.1057],[-44.2159,-23.1094],[-44.2084,-23.1112],[-44.2064,-23.1079],[-44.2014,-23.1196],[-44.197,-23.1218],[-44.1694,-23.1186],[-44.1724,-23.1288],[-44.1701,-23.1376],[-44.1626,-23.1421],[-44.1556,-23.1389],[-44.1578,-23.1351],[-44.1516,-23.1343],[-44.1473,-23.1248],[-44.1271,-23.1196],[-44.1245,-23.1246],[-44.1405,-23.1393],[-44.1385,-23.1456],[-44.1334,-23.1457],[-44.1404,-23.1578],[-44.1381,-23.1597],[-44.1295,-23.1543],[-44.127,-23.1558],[-44.1162,-23.148],[-44.1168,-23.1542],[-44.1075,-23.1643],[-44.0973,-23.1641],[-44.0914,-23.1675],[-44.095,-23.1749],[-44.1086,-23.1784],[-44.1175,-23.1859],[-44.132,-23.1869],[-44.1235,-23.1775],[-44.1288,-23.1707],[-44.1371,-23.1677],[-44.1589,-23.1715],[-44.1707,-23.1846],[-44.1778,-23.1799],[-44.1858,-23.1805],[-44.19,-23.1885],[-44.1824,-23.191],[-44.1823,-23.1948],[-44.1966,-23.2037],[-44.1972,-23.1974],[-44.2071,-23.1922],[-44.2271,-23.1957],[-44.2319,-23.1998],[-44.2445,-23.1997],[-44.2513,-23.2045],[-44.2587,-23.2023],[-44.2521,-23.1969],[-44.2532,-23.1911],[-44.2606,-23.1912],[-44.2716,-23.1968],[-44.2669,-23.1859],[-44.2734,-23.1796],[-44.285,-23.176],[-44.2855,-23.1786],[-44.294,-23.1765],[-44.3109,-23.1801],[-44.3178,-23.1858],[-44.3154,-23.1897],[-44.3229,-23.2025],[-44.3315,-23.2104],[-44.3335,-23.223],[-44.3488,-23.2262],[-44.3402,-23.2181],[-44.3509,-23.2163],[-44.3512,-23.2135],[-44.3485,-23.2027],[-44.34,-23.1905],[-44.3414,-23.1814],[-44.3455,-23.1802],[-44.3578,-23.1907],[-44.3621,-23.1781],[-44.3713,-23.1828],[-44.3779,-23.1765],[-44.3772,-23.1712],[-44.3681,-23.164],[-44.3614,-23.1649],[-44.3543,-23.159],[-44.3489,-23.1605],[-44.34,-23.1532],[-44.3267,-23.1544],[-44.3204,-23.1439],[-44.3243,-23.1397],[-44.3169,-23.135],[-44.3109,-23.1368],[-44.3137,-23.1327],[-44.3102,-23.1249],[-44.2969,-23.1151],[-44.2946,-23.1141],[-44.294,-23.1219],[-44.2972,-23.1313],[-44.2909,-23.1315],[-44.2899,-23.137],[-44.2844,-23.1361],[-44.2795,-23.1252],[-44.2735,-23.1235],[-44.2752,-23.1171],[-44.2661,-23.1152],[-44.2596,-23.116],[-44.2574,-23.1117],[-44.2495,-23.1093],[-44.2508,-23.0998],[-44.2592,-23.0993],[-44.2373,-23.0926],[-44.2376,-23.086],[-44.2348,-23.0846],[-44.2332,-23.0897],[-44.2169,-23.0893],[-44.2093,-23.0924],[-44.2099,-23.0987],[-44.1956,-23.0983]],[[-44.4713,-22.8756],[-44.4658,-22.885],[-44.4448,-22.8757],[-44.4372,-22.8719],[-44.4328,-22.8609],[-44.4241,-22.8518],[-44.4178,-22.8476],[-44.4027,-22.848],[-44.4015,-22.8541],[-44.3917,-22.8522],[-44.3875,-22.8572],[-44.3738,-22.8576],[-44.363,-22.8532],[-44.326,-22.8377],[-44.32,-22.84],[-44.3234,-22.8491],[-44.3176,-22.8446],[-44.3111,-22.8433],[-44.3016,-22.8536],[-44.2961,-22.8444],[-44.2858,-22.8428],[-44.2816,-22.8415],[-44.2795,-22.8451],[-44.2664,-22.8484],[-44.2605,-22.8471],[-44.2509,-22.8543],[-44.2442,-22.8676],[-44.2397,-22.8691],[-44.2372,-22.8715],[-44.2321,-22.87],[-44.2309,-22.8729],[-44.2373,-22.8857],[-44.2364,-22.8967],[-44.2413,-22.9018],[-44.2367,-22.9047],[-44.2412,-22.9125],[-44.2391,-22.9157],[-44.2308,-22.9211],[-44.223,-22.9284],[-44.2145,-22.9314],[-44.2069,-22.9297],[-44.1931,-22.9279],[-44.1872,-22.9392],[-44.1886,-22.9511],[-44.174,-22.9862],[-44.1628,-23.0085],[-44.1652,-23.0164],[-44.1662,-23.0325],[-44.1764,-23.0372],[-44.1754,-23.0415],[-44.1713,-23.0427],[-44.173,-23.048],[-44.1789,-23.0497],[-44.1823,-23.045],[-44.1842,-23.0525],[-44.1937,-23.0544],[-44.1929,-23.042],[-44.1998,-23.0383],[-44.2371,-23.0565],[-44.2437,-23.0545],[-44.2464,-23.0487],[-44.251,-23.0502],[-44.2434,-23.0442],[-44.2358,-23.026],[-44.2212,-23.017],[-44.2219,-23.0111],[-44.2286,-23.014],[-44.2423,-22.9999],[-44.2485,-23.0007],[-44.248,-22.9957],[-44.2605,-23.0073],[-44.2668,-23.002],[-44.274,-23.0069],[-44.2789,-23.0134],[-44.2779,-23.0173],[-44.2833,-23.0142],[-44.2887,-23.0169],[-44.2901,-23.0239],[-44.2982,-23.0257],[-44.3058,-23.0233],[-44.298,-23.0099],[-44.3005,-23.0027],[-44.304,-23.0022],[-44.3073,-23.0069],[-44.3161,-23.0079],[-44.3161,-23.014],[-44.3197,-23.0099],[-44.3224,-23.0153],[-44.3278,-23.0148],[-44.3264,-23.0208],[-44.3321,-23.0202],[-44.3361,-23.0251],[-44.3384,-23.0218],[-44.3422,-23.023],[-44.3504,-23.0302],[-44.3503,-23.0223],[-44.3579,-23.0229],[-44.3579,-23.0194],[-44.3622,-23.0176],[-44.3595,-23.0106],[-44.3622,-23.0097],[-44.3567,-23.0076],[-44.3542,-22.9982],[-44.3447,-22.9907],[-44.328,-22.9936],[-44.3288,-22.983],[-44.3234,-22.9821],[-44.3205,-22.9856],[-44.3095,-22.9798],[-44.312,-22.9727],[-44.3055,-22.9631],[-44.3015,-22.9624],[-44.2993,-22.9582],[-44.3017,-22.9563],[-44.3128,-22.9593],[-44.3183,-22.956],[-44.3293,-22.9604],[-44.3322,-22.9666],[-44.3358,-22.9639],[-44.337,-22.9568],[-44.3282,-22.9538],[-44.3329,-22.9531],[-44.3328,-22.945],[-44.3225,-22.9413],[-44.3218,-22.9406],[-44.3194,-22.9356],[-44.3253,-22.9361],[-44.3216,-22.9287],[-44.3245,-22.9268],[-44.3278,-22.926],[-44.3267,-22.9235],[-44.3313,-22.9276],[-44.3448,-22.9213],[-44.3501,-22.9224],[-44.3474,-22.9244],[-44.3518,-22.9284],[-44.3548,-22.9286],[-44.3586,-22.9225],[-44.3652,-22.9243],[-44.3605,-22.9257],[-44.3663,-22.9293],[-44.3599,-22.9314],[-44.371,-22.9374],[-44.3686,-22.9463],[-44.3661,-22.9474],[-44.3637,-22.94],[-44.3495,-22.9456],[-44.3588,-22.9562],[-44.3623,-22.9543],[-44.3662,-22.9597],[-44.3721,-22.9581],[-44.3772,-22.9693],[-44.3802,-22.9662],[-44.3835,-22.9719],[-44.3867,-22.969],[-44.3788,-22.9579],[-44.3944,-22.949],[-44.4071,-22.9523],[-44.4118,-22.9414],[-44.4134,-22.9457],[-44.423,-22.951],[-44.4221,-22.9591],[-44.4261,-22.9564],[-44.4256,-22.9621],[-44.435,-22.9644],[-44.4357,-22.9723],[-44.4302,-22.9779],[-44.4345,-22.9792],[-44.4347,-22.9872],[-44.4405,-22.9912],[-44.4381,-22.9955],[-44.4292,-22.9929],[-44.4247,-22.9975],[-44.442,-23.0051],[-44.446,-23.0117],[-44.4398,-23.0204],[-44.4306,-23.0203],[-44.4446,-23.027],[-44.4526,-23.0163],[-44.4597,-23.0182],[-44.4583,-23.0109],[-44.4626,-23.0057],[-44.4679,-23.0059],[-44.469,-23.0107],[-44.4766,-23.0057],[-44.4832,-23.0081],[-44.4891,-23.0203],[-44.5055,-23.0304],[-44.511,-23.0265],[-44.5191,-23.0273],[-44.5306,-23.0208],[-44.5371,-23.0243],[-44.5464,-23.0201],[-44.5438,-23.0083],[-44.5485,-23.009],[-44.5491,-23.0059],[-44.5452,-23.0059],[-44.541,-22.9982],[-44.5447,-22.9915],[-44.5425,-22.986],[-44.5498,-22.9723],[-44.5547,-22.974],[-44.5595,-22.9715],[-44.5571,-22.9625],[-44.5614,-22.9544],[-44.5763,-22.9469],[-44.5942,-22.9472],[-44.6052,-22.9431],[-44.6099,-22.939],[-44.6211,-22.9388],[-44.6295,-22.9171],[-44.638,-22.9139],[-44.6331,-22.9049],[-44.6289,-22.9044],[-44.6066,-22.8852],[-44.6002,-22.8883],[-44.5755,-22.8781],[-44.5624,-22.8843],[-44.5548,-22.8886],[-44.5433,-22.8843],[-44.5452,-22.8808],[-44.5326,-22.8688],[-44.5191,-22.8648],[-44.5053,-22.8513],[-44.4943,-22.846],[-44.4839,-22.8459],[-44.476,-22.8559],[-44.4805,-22.8658],[-44.4756,-22.8673],[-44.4765,-22.8738],[-44.4713,-22.8756]]]}},{"type":"Feature","properties":{"id":"3300159","name":"Aperibé"},"geometry":{"type":"Polygon","coordinates":[[[-42.1152,-21.604],[-42.1158,-21.6102],[-42.1129,-21.6122],[-42.1102,-21.6137],[-42.0951,-21.6243],[-42.0923,-21.6273],[-42.0777,-21.6262],[-42.0738,-21.6326],[-42.0593,-21.6359],[-42.0409,-21.6329],[-42.0419,-21.6339],[-42.0723,-21.6562],[-42.0802,-21.6608],[-42.0842,-21.6631],[-42.0961,-21.6715],[-42.1132,-21.6865],[-42.118,-21.6965],[-42.1334,-21.7038],[-42.1494,-21.6924],[-42.1571,-21.6927],[-42.1586,-21.6922],[-42.1765,-21.6896],[-42.1857,-21.6789],[-42.185,-21.6758],[-42.1953,-21.6685],[-42.1949,-21.6548],[-42.2048,-21.6485],[-42.1875,-21.6294],[-42.1868,-21.6232],[-42.1846,-21.6262],[-42.1806,-21.6316],[-42.1621,-21.6254],[-42.1572,-21.619],[-42.1388,-21.6102],[-42.1386,-21.6046],[-42.1348,-21.6058],[-42.1329,-21.6023],[-42.1264,-21.6014],[-42.1179,-21.6028],[-42.1152,-21.604]]]}},{"type":"Feature","properties":{"id":"3300209","name":"Araruama"},"geometry":{"type":"Polygon","coordinates":[[[-42.1822,-22.5522],[-42.1323,-22.6524],[-42.167,-22.6793],[-42.1677,-22.6806],[-42.1877,-22.7156],[-42.2065,-22.7486],[-42.2066,-22.7487],[-42.2153,-22.7639],[-42.2188,-22.77],[-42.2286,-22.7759],[-42.2508,-22.789],[-42.2542,-22.7913],[-42.245,-22.8226],[-42.245,-22.8227],[-42.2398,-22.8399],[-42.2491,-22.8484],[-42.2396,-22.861],[-42.2377,-22.8637],[-42.2838,-22.9001],[-42.2773,-22.9064],[-42.2754,-22.9168],[-42.2825,-22.9261],[-42.291,-22.9281],[-42.291,-22.9391],[-42.3669,-22.9355],[-42.378,-22.9081],[-42.3873,-22.8955],[-42.3857,-22.888],[-42.3831,-22.8837],[-42.3727,-22.8446],[-42.3702,-22.8352],[-42.4129,-22.8286],[-42.4271,-22.8263],[-42.4484,-22.823],[-42.4461,-22.7949],[-42.4461,-22.7941],[-42.444,-22.7685],[-42.4437,-22.7648],[-42.441,-22.731],[-42.4197,-22.7358],[-42.4106,-22.7287],[-42.4009,-22.7303],[-42.3954,-22.7211],[-42.3798,-22.7183],[-42.3691,-22.7235],[-42.361,-22.7127],[-42.357,-22.7131],[-42.3325,-22.7042],[-42.3315,-22.6957],[-42.3238,-22.6833],[-42.3125,-22.6411],[-42.297,-22.6241],[-42.2833,-22.6232],[-42.2708,-22.6137],[-42.2628,-22.6077],[-42.2483,-22.6127],[-42.2406,-22.6078],[-42.2371,-22.6089],[-42.2327,-22.604],[-42.2376,-22.5989],[-42.2263,-22.5958],[-42.2277,-22.5897],[-42.2248,-22.5921],[-42.22,-22.59],[-42.2188,-22.5933],[-42.2157,-22.5922],[-42.2148,-22.586],[-42.204,-22.5807],[-42.2053,-22.5775],[-42.1986,-22.5761],[-42.1924,-22.5666],[-42.193,-22.558],[-42.1875,-22.5546],[-42.1861,-22.5505],[-42.1822,-22.5522]]]}},{"type":"Feature","properties":{"id":"3300225","name":"Areal"},"geometry":{"type":"Polygon","coordinates":[[[-43.0587,-22.1894],[-43.0477,-22.2073],[-43.0471,-22.2083],[-43.0642,-22.2178],[-43.0808,-22.2274],[-43.089,-22.2367],[-43.0936,-22.2417],[-43.0906,-22.2503],[-43.0901,-22.2611],[-43.0947,-22.2659],[-43.101,-22.264],[-43.1087,-22.2816],[-43.1102,-22.2833],[-43.1251,-22.2755],[-43.1282,-22.2769],[-43.13,-22.2814],[-43.1341,-22.2849],[-43.1372,-22.2943],[-43.1459,-22.2982],[-43.1459,-22.3041],[-43.151,-22.3075],[-43.1555,-22.3063],[-43.1597,-22.3107],[-43.1709,-22.309],[-43.1744,-22.3121],[-43.1811,-22.3006],[-43.1773,-22.2979],[-43.1826,-22.296],[-43.1811,-22.2922],[-43.1747,-22.2694],[-43.177,-22.2643],[-43.1726,-22.2428],[-43.1635,-22.2237],[-43.1669,-22.2141],[-43.162,-22.2107],[-43.1601,-22.2029],[-43.1593,-22.1927],[-43.1634,-22.1924],[-43.1676,-22.1869],[-43.167,-22.1866],[-43.1661,-22.186],[-43.164,-22.1851],[-43.1419,-22.1941],[-43.1308,-22.1909],[-43.119,-22.1991],[-43.1085,-22.1995],[-43.104,-22.1919],[-43.1008,-22.1921],[-43.0977,-22.1924],[-43.0949,-22.1908],[-43.0932,-22.1831],[-43.0809,-22.1807],[-43.055,-22.1643],[-43.0377,-22.163],[-43.0344,-22.1664],[-43.0396,-22.1687],[-43.0424,-22.1793],[-43.0511,-22.1818],[-43.0587,-22.1894]]]}},{"type":"Feature","properties":{"id":"3300233","name":"Armação dos Búzios"},"geometry":{"type":"Polygon","coordinates":[[[-41.9344,-22.7658],[-41.919,-22.7708],[-41.9104,-22.764],[-41.9124,-22.755],[-41.905,-22.7549],[-41.9007,-22.7504],[-41.8882,-22.7537],[-41.8816,-22.7485],[-41.8823,-22.7403],[-41.8748,-22.7416],[-41.8719,-22.7371],[-41.8678,-22.7413],[-41.8741,-22.7508],[-41.864,-22.7536],[-41.8656,-22.7607],[-41.8715,-22.7611],[-41.8741,-22.7658],[-41.8766,-22.7615],[-41.8784,-22.775],[-41.8849,-22.7683],[-41.889,-22.7702],[-41.8831,-22.7767],[-41.8822,-22.7843],[-41.885,-22.7844],[-41.8874,-22.7774],[-41.8967,-22.7858],[-41.9003,-22.7806],[-41.9054,-22.7825],[-41.9065,-22.7785],[-41.9123,-22.7787],[-41.9315,-22.7967],[-41.9327,-22.8036],[-41.9274,-22.8076],[-41.9298,-22.8131],[-41.9414,-22.809],[-41.9448,-22.8128],[-41.9697,-22.821],[-42.0019,-22.7953],[-42.0084,-22.7812],[-42.0042,-22.771],[-41.9874,-22.7503],[-41.974,-22.7301],[-41.9553,-22.7321],[-41.9573,-22.7375],[-41.9344,-22.7658]]]}},{"type":"Feature","properties":{"id":"3300258","name":"Arraial do Cabo"},"geometry":{"type":"Polygon","coordinates":[[[-42.2377,-22.8637],[-42.234,-22.8739],[-42.2265,-22.8686],[-42.2203,-22.8685],[-42.2107,-22.8778],[-42.1989,-22.8788],[-42.1896,-22.8742],[-42.1772,-22.8753],[-42.1725,-22.8727],[-42.1606,-22.8792],[-42.1533,-22.8897],[-42.1484,-22.8943],[-42.1232,-22.907],[-42.0905,-22.9324],[-42.0354,-22.9337],[-42.0317,-22.9462],[-42.0212,-22.946],[-42.0255,-22.9558],[-42.0208,-22.9613],[-42.0142,-22.9545],[-42.002,-22.9498],[-42.0086,-22.9596],[-42.0063,-22.962],[-42.0029,-22.959],[-41.9966,-22.96],[-42.0026,-22.9692],[-42.0131,-22.9641],[-42.0157,-22.9673],[-42.0116,-22.9701],[-42.0188,-22.9708],[-42.0189,-22.9789],[-42.0102,-22.9785],[-42.0075,-22.9831],[-42.0122,-22.9881],[-42.0128,-22.9974],[-42.0201,-22.9831],[-42.0298,-22.9825],[-42.0345,-22.9785],[-42.0337,-22.9707],[-42.0456,-22.9629],[-42.0761,-22.9552],[-42.1435,-22.9494],[-42.291,-22.9391],[-42.291,-22.9281],[-42.2825,-22.9261],[-42.2754,-22.9168],[-42.2773,-22.9064],[-42.2838,-22.9001],[-42.2377,-22.8637]]]}},{"type":"Feature","properties":{"id":"3300308","name":"Barra do Piraí"},"geometry":{"type":"Polygon","coordinates":[[[-43.971,-22.3249],[-43.9662,-22.3433],[-43.9588,-22.339],[-43.9515,-22.3437],[-43.9504,-22.3496],[-43.9406,-22.3489],[-43.9371,-22.3449],[-43.93,-22.3514],[-43.9327,-22.3582],[-43.9378,-22.3564],[-43.9475,-22.367],[-43.9402,-22.3719],[-43.9406,-22.3752],[-43.9405,-22.3798],[-43.9142,-22.3504],[-43.8934,-22.3449],[-43.8849,-22.3292],[-43.8692,-22.3252],[-43.8552,-22.3144],[-43.8488,-22.3153],[-43.8419,-22.3278],[-43.8499,-22.3367],[-43.8568,-22.37],[-43.8575,-22.3728],[-43.8473,-22.3694],[-43.8447,-22.3836],[-43.8367,-22.3856],[-43.837,-22.3742],[-43.8298,-22.3749],[-43.8226,-22.3679],[-43.8093,-22.352],[-43.8041,-22.3557],[-43.8029,-22.3564],[-43.7956,-22.3565],[-43.7962,-22.3632],[-43.7835,-22.361],[-43.7808,-22.3653],[-43.7753,-22.3678],[-43.7747,-22.375],[-43.7656,-22.3892],[-43.7486,-22.4034],[-43.7555,-22.4107],[-43.7577,-22.4165],[-43.7619,-22.4234],[-43.772,-22.4362],[-43.7784,-22.4377],[-43.778,-22.4404],[-43.7663,-22.4432],[-43.7646,-22.4482],[-43.759,-22.4492],[-43.7605,-22.4561],[-43.7546,-22.4595],[-43.7657,-22.4586],[-43.7696,-22.5172],[-43.7779,-22.5315],[-43.7917,-22.5344],[-43.793,-22.5384],[-43.7974,-22.5514],[-43.8086,-22.5534],[-43.8121,-22.5479],[-43.8175,-22.5478],[-43.8168,-22.5357],[-43.8199,-22.5336],[-43.8047,-22.5209],[-43.8114,-22.5116],[-43.8241,-22.5166],[-43.8397,-22.51],[-43.8444,-22.5032],[-43.8544,-22.5066],[-43.8538,-22.5162],[-43.8647,-22.5236],[-43.8651,-22.5286],[-43.9123,-22.5201],[-43.9128,-22.5201],[-43.9432,-22.5148],[-43.9519,-22.5189],[-43.9803,-22.5151],[-43.9919,-22.5166],[-43.9985,-22.5136],[-44.0029,-22.5087],[-44.0038,-22.4996],[-44.0166,-22.486],[-44.0206,-22.4838],[-44.0268,-22.4857],[-44.0303,-22.4967],[-44.0532,-22.4797],[-44.0551,-22.4707],[-44.0613,-22.4622],[-44.071,-22.4592],[-44.0607,-22.4517],[-44.0496,-22.4445],[-44.0365,-22.4291],[-44.0275,-22.426],[-44.0022,-22.4075],[-44.0052,-22.4066],[-44.0558,-22.391],[-44.0847,-22.3822],[-44.0847,-22.3746],[-44.0759,-22.3562],[-44.0687,-22.3524],[-44.0635,-22.3352],[-44.0224,-22.3038],[-44.0244,-22.2959],[-44.0231,-22.2947],[-44.0168,-22.3051],[-44.0085,-22.3096],[-43.988,-22.3084],[-43.9746,-22.3116],[-43.971,-22.3249]]]}},{"type":"Feature","properties":{"id":"3300407","name":"Barra Mansa"},"geometry":{"type":"Polygon","coordinates":[[[-44.0224,-22.3038],[-44.0635,-22.3352],[-44.0687,-22.3524],[-44.0759,-22.3562],[-44.0847,-22.3746],[-44.0847,-22.3822],[-44.0558,-22.391],[-44.0052,-22.4066],[-44.0893,-22.4059],[-44.0961,-22.4075],[-44.1057,-22.4189],[-44.128,-22.4269],[-44.141,-22.4347],[-44.1512,-22.4521],[-44.1536,-22.4855],[-44.1553,-22.4944],[-44.1528,-22.5228],[-44.1416,-22.5268],[-44.1385,-22.5313],[-44.1387,-22.5353],[-44.1354,-22.5363],[-44.1151,-22.5336],[-44.0905,-22.5282],[-44.0856,-22.545],[-44.0904,-22.5596],[-44.0897,-22.5636],[-44.0975,-22.5766],[-44.0907,-22.5786],[-44.0942,-22.5879],[-44.0962,-22.5967],[-44.0877,-22.6037],[-44.0905,-22.6065],[-44.0858,-22.6418],[-44.0884,-22.6482],[-44.1169,-22.6439],[-44.1481,-22.6485],[-44.1571,-22.6712],[-44.1605,-22.6778],[-44.171,-22.6589],[-44.1897,-22.6481],[-44.1906,-22.6446],[-44.1838,-22.6368],[-44.1904,-22.6297],[-44.1981,-22.63],[-44.2034,-22.6265],[-44.2037,-22.615],[-44.2075,-22.613],[-44.2189,-22.617],[-44.2264,-22.6041],[-44.2329,-22.6084],[-44.2477,-22.6061],[-44.2531,-22.6118],[-44.2711,-22.6005],[-44.2827,-22.6037],[-44.2853,-22.6092],[-44.2947,-22.6018],[-44.2954,-22.5978],[-44.3032,-22.5987],[-44.3123,-22.5948],[-44.318,-22.5966],[-44.3261,-22.5881],[-44.3394,-22.5905],[-44.3429,-22.5878],[-44.3447,-22.584],[-44.3463,-22.5735],[-44.3283,-22.5721],[-44.3299,-22.569],[-44.3245,-22.5642],[-44.3259,-22.5532],[-44.3205,-22.55],[-44.3281,-22.5192],[-44.3243,-22.5183],[-44.3248,-22.5134],[-44.3205,-22.5123],[-44.3192,-22.5074],[-44.3223,-22.499],[-44.331,-22.4934],[-44.3297,-22.4912],[-44.3363,-22.4693],[-44.3328,-22.467],[-44.3192,-22.4685],[-44.3129,-22.4601],[-44.3079,-22.4524],[-44.3067,-22.4517],[-44.3012,-22.4474],[-44.2973,-22.4502],[-44.2896,-22.455],[-44.2867,-22.4583],[-44.2587,-22.4749],[-44.2568,-22.4823],[-44.2464,-22.485],[-44.242,-22.4863],[-44.2408,-22.487],[-44.2338,-22.4834],[-44.2307,-22.4767],[-44.2216,-22.4795],[-44.2249,-22.4739],[-44.2212,-22.4727],[-44.2173,-22.4632],[-44.2217,-22.4635],[-44.2253,-22.4578],[-44.2253,-22.4542],[-44.2195,-22.4529],[-44.223,-22.4439],[-44.2194,-22.4414],[-44.2212,-22.4346],[-44.218,-22.4327],[-44.2162,-22.4222],[-44.211,-22.4187],[-44.2137,-22.4116],[-44.2107,-22.4088],[-44.2117,-22.4034],[-44.2064,-22.3992],[-44.2059,-22.3913],[-44.2046,-22.3879],[-44.2075,-22.3865],[-44.2024,-22.3834],[-44.1715,-22.3748],[-44.1568,-22.3753],[-44.1549,-22.3724],[-44.1682,-22.3325],[-44.1471,-22.3306],[-44.1405,-22.337],[-44.1352,-22.3364],[-44.1235,-22.3385],[-44.1169,-22.3294],[-44.0958,-22.3294],[-44.0673,-22.3153],[-44.053,-22.3131],[-44.0471,-22.3068],[-44.0244,-22.2959],[-44.0224,-22.3038]]]}},{"type":"Feature","properties":{"id":"3300456","name":"Belford Roxo"},"geometry":{"type":"Polygon","coordinates":[[[-43.3651,-22.685],[-43.3505,-22.6977],[-43.3282,-22.6953],[-43.3265,-22.7058],[-43.3201,-22.709],[-43.3206,-22.7114],[-43.3304,-22.7558],[-43.3304,-22.756],[-43.3619,-22.7619],[-43.3844,-22.7662],[-43.3914,-22.7722],[-43.3962,-22.7769],[-43.4112,-22.7677],[-43.416,-22.7643],[-43.4142,-22.7544],[-43.4225,-22.75],[-43.4301,-22.7325],[-43.4344,-22.722],[-43.4281,-22.7162],[-43.4304,-22.7031],[-43.4228,-22.7037],[-43.4104,-22.6995],[-43.4071,-22.6938],[-43.3864,-22.6894],[-43.3841,-22.6913],[-43.3815,-22.6883],[-43.3699,-22.6932],[-43.3651,-22.685]]]}},{"type":"Feature","properties":{"id":"3300506","name":"Bom Jardim"},"geometry":{"type":"Polygon","coordinates":[[[-42.4468,-22.117],[-42.4379,-22.1223],[-42.4282,-22.1143],[-42.4235,-22.1151],[-42.4233,-22.119],[-42.4195,-22.1177],[-42.3957,-22.1201],[-42.3933,-22.1282],[-42.3899,-22.1293],[-42.3795,-22.1253],[-42.3755,-22.1169],[-42.3643,-22.1161],[-42.3456,-22.1063],[-42.3413,-22.1146],[-42.3417,-22.1247],[-42.3277,-22.1219],[-42.3231,-22.114],[-42.3146,-22.1095],[-42.2988,-22.1238],[-42.2936,-22.116],[-42.2936,-22.1148],[-42.2796,-22.1228],[-42.2771,-22.1296],[-42.2801,-22.141],[-42.2906,-22.1399],[-42.2972,-22.1507],[-42.292,-22.1597],[-42.2922,-22.169],[-42.2822,-22.1804],[-42.2808,-22.1913],[-42.2856,-22.2003],[-42.2811,-22.2076],[-42.2756,-22.2079],[-42.2655,-22.2163],[-42.2548,-22.2137],[-42.2543,-22.2192],[-42.2535,-22.2197],[-42.2436,-22.2214],[-42.2362,-22.2291],[-42.2343,-22.2317],[-42.2508,-22.2357],[-42.2487,-22.2478],[-42.2543,-22.2515],[-42.2519,-22.2558],[-42.2598,-22.2585],[-42.2617,-22.2639],[-42.2805,-22.2725],[-42.2827,-22.2786],[-42.2945,-22.2847],[-42.293,-22.2887],[-42.2856,-22.2888],[-42.2875,-22.2927],[-42.3155,-22.2975],[-42.3357,-22.2999],[-42.3458,-22.3057],[-42.3515,-22.3008],[-42.3582,-22.3026],[-42.3718,-22.2936],[-42.3771,-22.29],[-42.3896,-22.2817],[-42.4051,-22.2714],[-42.4082,-22.2693],[-42.4532,-22.2395],[-42.4533,-22.2394],[-42.4751,-22.2251],[-42.4754,-22.2235],[-42.472,-22.212],[-42.4803,-22.2036],[-42.4852,-22.2003],[-42.4857,-22.1936],[-42.4857,-22.1935],[-42.5252,-22.1604],[-42.5022,-22.1486],[-42.4666,-22.1308],[-42.464,-22.1294],[-42.4709,-22.1181],[-42.4698,-22.1121],[-42.4468,-22.117]]]}},{"type":"Feature","properties":{"id":"3300605","name":"Bom Jesus do Itabapoana"},"geometry":{"type":"Polygon","coordinates":[[[-41.7267,-20.8644],[-41.712,-20.8711],[-41.7186,-20.875],[-41.7267,-20.8924],[-41.7249,-20.8968],[-41.7193,-20.8967],[-41.7227,-20.9223],[-41.7371,-20.9273],[-41.7372,-20.9304],[-41.7334,-20.9434],[-41.7173,-20.9546],[-41.7157,-20.9755],[-41.7115,-20.9806],[-41.7104,-20.9892],[-41.7157,-20.9916],[-41.7224,-21.0107],[-41.7151,-21.0162],[-41.7156,-21.0224],[-41.7233,-21.0247],[-41.7259,-21.0321],[-41.7209,-21.0446],[-41.7162,-21.0466],[-41.72,-21.0547],[-41.7239,-21.0559],[-41.7288,-21.0499],[-41.732,-21.0663],[-41.7232,-21.0671],[-41.7213,-21.0731],[-41.731,-21.0869],[-41.7347,-21.0985],[-41.7352,-21.1029],[-41.7286,-21.1063],[-41.7222,-21.103],[-41.7167,-21.105],[-41.7075,-21.1067],[-41.7048,-21.1107],[-41.7175,-21.1158],[-41.7181,-21.1232],[-41.7042,-21.1267],[-41.7053,-21.1203],[-41.6953,-21.1149],[-41.6908,-21.1162],[-41.6879,-21.1214],[-41.6818,-21.1206],[-41.6775,-21.1252],[-41.6788,-21.1314],[-41.676,-21.1332],[-41.6712,-21.1265],[-41.6623,-21.1246],[-41.6645,-21.1322],[-41.6531,-21.1369],[-41.6537,-21.1425],[-41.6455,-21.1431],[-41.6385,-21.1459],[-41.6285,-21.144],[-41.6159,-21.1509],[-41.6131,-21.1551],[-41.6075,-21.1545],[-41.6056,-21.1541],[-41.592,-21.1489],[-41.5869,-21.1491],[-41.582,-21.1661],[-41.5703,-21.1708],[-41.5695,-21.1791],[-41.5653,-21.1822],[-41.5582,-21.1724],[-41.5517,-21.1756],[-41.548,-21.1824],[-41.5377,-21.1807],[-41.5305,-21.1793],[-41.5208,-21.1867],[-41.5168,-21.1865],[-41.5121,-21.1752],[-41.5053,-21.1757],[-41.4982,-21.1848],[-41.488,-21.1798],[-41.4822,-21.1833],[-41.4793,-21.1817],[-41.4795,-21.1934],[-41.4697,-21.2022],[-41.4679,-21.2157],[-41.4669,-21.2236],[-41.4665,-21.2262],[-41.4706,-21.231],[-41.4864,-21.2376],[-41.498,-21.2484],[-41.5018,-21.2612],[-41.5147,-21.2613],[-41.5254,-21.2676],[-41.5244,-21.2738],[-41.5358,-21.281],[-41.537,-21.2791],[-41.5497,-21.292],[-41.5787,-21.306],[-41.5875,-21.3118],[-41.5883,-21.3112],[-41.5864,-21.303],[-41.6024,-21.2943],[-41.6071,-21.2858],[-41.6064,-21.2789],[-41.6201,-21.2739],[-41.6205,-21.2677],[-41.6275,-21.2634],[-41.6282,-21.2634],[-41.6383,-21.2599],[-41.6298,-21.2544],[-41.6357,-21.2477],[-41.6409,-21.244],[-41.648,-21.2452],[-41.6568,-21.2448],[-41.6737,-21.2495],[-41.682,-21.2568],[-41.6886,-21.2434],[-41.6995,-21.2371],[-41.7046,-21.2216],[-41.7053,-21.2184],[-41.719,-21.2238],[-41.7272,-21.2208],[-41.7202,-21.2034],[-41.7307,-21.2038],[-41.7194,-21.1894],[-41.7189,-21.1807],[-41.728,-21.175],[-41.7281,-21.1683],[-41.742,-21.1687],[-41.7626,-21.1768],[-41.7651,-21.1683],[-41.7648,-21.1515],[-41.7953,-21.1429],[-41.8038,-21.1431],[-41.8042,-21.1368],[-41.7992,-21.1308],[-41.7989,-21.1153],[-41.8106,-21.119],[-41.8186,-21.1223],[-41.8296,-21.1211],[-41.8231,-21.1099],[-41.8165,-21.1064],[-41.816,-21.106],[-41.8163,-21.103],[-41.8245,-21.1003],[-41.8298,-21.0888],[-41.8361,-21.0864],[-41.839,-21.0805],[-41.8386,-21.0745],[-41.8422,-21.0726],[-41.8404,-21.0688],[-41.8474,-21.0717],[-41.8479,-21.0577],[-41.8526,-21.0563],[-41.8378,-21.0541],[-41.8354,-21.0448],[-41.8243,-21.0306],[-41.8204,-21.0249],[-41.8008,-20.9862],[-41.7954,-20.9841],[-41.7917,-20.9738],[-41.7919,-20.9615],[-41.7972,-20.9625],[-41.8004,-20.9575],[-41.8078,-20.9566],[-41.8133,-20.9449],[-41.7879,-20.9089],[-41.7775,-20.8968],[-41.761,-20.8824],[-41.757,-20.875],[-41.7493,-20.8711],[-41.7415,-20.8723],[-41.7288,-20.8696],[-41.7267,-20.8644]]]}},{"type":"Feature","properties":{"id":"3300704","name":"Cabo Frio"},"geometry":{"type":"Polygon","coordinates":[[[-42.1315,-22.546],[-42.1331,-22.5549],[-42.1271,-22.5575],[-42.1214,-22.5543],[-42.1243,-22.5641],[-42.1196,-22.566],[-42.1098,-22.5667],[-42.1052,-22.5602],[-42.1005,-22.5642],[-42.096,-22.561],[-42.0919,-22.5629],[-42.0933,-22.5717],[-42.084,-22.5695],[-42.0807,-22.575],[-42.0728,-22.5677],[-42.0614,-22.572],[-42.0612,-22.56],[-42.0479,-22.5621],[-42.0421,-22.5684],[-42.0363,-22.5599],[-42.033,-22.5607],[-42.0298,-22.5708],[-42.0211,-22.5686],[-42.0214,-22.5759],[-42.0168,-22.5775],[-42.0114,-22.5706],[-42.0047,-22.5842],[-41.9988,-22.5763],[-41.9961,-22.5748],[-41.9918,-22.5782],[-41.9961,-22.5933],[-41.9926,-22.5972],[-41.9978,-22.6086],[-41.9976,-22.663],[-41.9878,-22.7094],[-41.9794,-22.7257],[-41.974,-22.7301],[-41.9874,-22.7503],[-42.0042,-22.771],[-42.0084,-22.7812],[-42.0019,-22.7953],[-41.9697,-22.821],[-41.986,-22.8481],[-41.9858,-22.8619],[-41.9827,-22.8661],[-41.9788,-22.8645],[-41.9833,-22.8682],[-41.9809,-22.8724],[-41.9908,-22.8819],[-41.9989,-22.8844],[-42.0015,-22.8894],[-42.0051,-22.8848],[-42.0111,-22.8837],[-42.0239,-22.8932],[-42.0321,-22.907],[-42.0354,-22.9337],[-42.0905,-22.9324],[-42.1232,-22.907],[-42.1141,-22.9083],[-42.1066,-22.8977],[-42.1044,-22.8845],[-42.1075,-22.8677],[-42.098,-22.8613],[-42.0871,-22.8645],[-42.0815,-22.8626],[-42.0758,-22.8601],[-42.0611,-22.8671],[-42.0528,-22.8621],[-42.0458,-22.8671],[-42.0408,-22.8652],[-42.0231,-22.7955],[-42.0237,-22.7942],[-42.0239,-22.7939],[-42.0242,-22.7932],[-42.0341,-22.7732],[-42.0418,-22.7579],[-42.0548,-22.7425],[-42.0548,-22.7424],[-42.0707,-22.7239],[-42.0755,-22.7184],[-42.0891,-22.7025],[-42.1318,-22.6529],[-42.1323,-22.6524],[-42.1822,-22.5522],[-42.1786,-22.5482],[-42.1764,-22.5452],[-42.1715,-22.548],[-42.1558,-22.5457],[-42.1512,-22.5481],[-42.1536,-22.5506],[-42.1514,-22.5561],[-42.1413,-22.5486],[-42.1475,-22.5404],[-42.1388,-22.5401],[-42.1315,-22.546]]]}},{"type":"Feature","properties":{"id":"3300803","name":"Cachoeiras de Macacu"},"geometry":{"type":"Polygon","coordinates":[[[-42.7114,-22.3774],[-42.6972,-22.3793],[-42.6958,-22.3876],[-42.684,-22.3925],[-42.6624,-22.3853],[-42.6553,-22.3871],[-42.6565,-22.3922],[-42.6515,-22.3951],[-42.6341,-22.3922],[-42.6165,-22.3847],[-42.6099,-22.374],[-42.5959,-22.3682],[-42.5848,-22.355],[-42.5647,-22.3599],[-42.5541,-22.3728],[-42.5578,-22.3768],[-42.5511,-22.3862],[-42.5578,-22.4053],[-42.5593,-22.4115],[-42.5548,-22.411],[-42.5585,-22.4241],[-42.5761,-22.4407],[-42.5719,-22.4426],[-42.5713,-22.4487],[-42.5631,-22.4461],[-42.5569,-22.4502],[-42.5502,-22.4523],[-42.5519,-22.4548],[-42.5522,-22.4661],[-42.5646,-22.4673],[-42.5662,-22.4843],[-42.5751,-22.4903],[-42.5875,-22.5237],[-42.5926,-22.5251],[-42.5916,-22.5308],[-42.6025,-22.5406],[-42.5923,-22.5615],[-42.5808,-22.5852],[-42.5804,-22.5861],[-42.5641,-22.6196],[-42.5718,-22.6251],[-42.5842,-22.6246],[-42.6044,-22.6415],[-42.6221,-22.6556],[-42.6272,-22.6557],[-42.6382,-22.6455],[-42.6375,-22.643],[-42.6443,-22.6438],[-42.6554,-22.6374],[-42.6674,-22.6366],[-42.6747,-22.6409],[-42.6924,-22.6425],[-42.6922,-22.6462],[-42.6886,-22.6459],[-42.6909,-22.654],[-42.7062,-22.6672],[-42.746,-22.686],[-42.7555,-22.6744],[-42.7643,-22.6642],[-42.7657,-22.6626],[-42.7767,-22.6498],[-42.7859,-22.6396],[-42.7862,-22.6394],[-42.791,-22.635],[-42.7975,-22.638],[-42.8054,-22.6353],[-42.8254,-22.6383],[-42.8445,-22.6361],[-42.8803,-22.6454],[-42.9068,-22.6548],[-42.9057,-22.6528],[-42.9002,-22.6361],[-42.9031,-22.6255],[-42.9101,-22.6167],[-42.9063,-22.6003],[-42.8875,-22.5915],[-42.8851,-22.5862],[-42.8748,-22.576],[-42.8663,-22.5708],[-42.8691,-22.5622],[-42.8821,-22.5493],[-42.887,-22.5421],[-42.8875,-22.5412],[-42.8878,-22.5408],[-42.889,-22.5384],[-42.8924,-22.5234],[-42.8979,-22.5185],[-42.891,-22.514],[-42.8883,-22.512],[-42.8918,-22.5026],[-42.9065,-22.4962],[-42.9213,-22.4751],[-42.9205,-22.4602],[-42.9119,-22.4544],[-42.9092,-22.455],[-42.8956,-22.4568],[-42.8913,-22.4567],[-42.879,-22.4469],[-42.8747,-22.4476],[-42.8765,-22.4435],[-42.8702,-22.4381],[-42.8701,-22.4312],[-42.8572,-22.4258],[-42.852,-22.4253],[-42.8522,-22.4156],[-42.8405,-22.4108],[-42.8268,-22.412],[-42.8107,-22.4025],[-42.8154,-22.3907],[-42.8032,-22.3865],[-42.8031,-22.3773],[-42.79,-22.3776],[-42.7688,-22.3832],[-42.7631,-22.3763],[-42.7467,-22.3726],[-42.7399,-22.3598],[-42.7271,-22.3551],[-42.717,-22.3568],[-42.7105,-22.3617],[-42.7114,-22.373],[-42.7114,-22.3774]]]}},{"type":"Feature","properties":{"id":"3300902","name":"Cambuci"},"geometry":{"type":"Polygon","coordinates":[[[-41.8149,-21.3264],[-41.7989,-21.3527],[-41.7986,-21.3531],[-41.7778,-21.3872],[-41.7803,-21.3929],[-41.7777,-21.4012],[-41.7477,-21.4262],[-41.7115,-21.4554],[-41.7147,-21.4563],[-41.7426,-21.4638],[-41.7914,-21.4748],[-41.7915,-21.4748],[-41.8236,-21.4823],[-41.8168,-21.4896],[-41.8237,-21.5045],[-41.8232,-21.5123],[-41.8316,-21.5154],[-41.849,-21.5338],[-41.8667,-21.5504],[-41.872,-21.56],[-41.868,-21.574],[-41.8839,-21.5793],[-41.897,-21.5751],[-41.9027,-21.5769],[-41.9302,-21.5911],[-41.9342,-21.5944],[-41.9377,-21.5967],[-41.9783,-21.625],[-41.9831,-21.6274],[-41.9925,-21.6326],[-41.9943,-21.6338],[-42.0099,-21.6395],[-42.0181,-21.632],[-42.0263,-21.6297],[-42.0409,-21.6329],[-42.0593,-21.6359],[-42.0738,-21.6326],[-42.0777,-21.6262],[-42.0923,-21.6273],[-42.0951,-21.6243],[-42.1102,-21.6137],[-42.1129,-21.6122],[-42.1158,-21.6102],[-42.1152,-21.604],[-42.1041,-21.6015],[-42.0876,-21.5847],[-42.087,-21.5789],[-42.0778,-21.5749],[-42.0552,-21.5464],[-42.0542,-21.5262],[-42.0438,-21.5212],[-42.0397,-21.5135],[-42.0024,-21.4954],[-41.9973,-21.4876],[-41.9925,-21.4855],[-41.9698,-21.4702],[-41.9707,-21.4649],[-41.962,-21.4561],[-41.9579,-21.444],[-41.9517,-21.4432],[-41.9509,-21.4324],[-41.9409,-21.4261],[-41.9171,-21.4112],[-41.8976,-21.3935],[-41.9003,-21.3842],[-41.867,-21.3644],[-41.8571,-21.3463],[-41.8369,-21.3382],[-41.8307,-21.3386],[-41.8253,-21.3303],[-41.8149,-21.3264]]]}},{"type":"Feature","properties":{"id":"3300936","name":"Carapebus"},"geometry":{"type":"Polygon","coordinates":[[[-41.6381,-22.1225],[-41.6152,-22.1283],[-41.5923,-22.1342],[-41.5916,-22.1342],[-41.5744,-22.1388],[-41.5571,-22.1553],[-41.5523,-22.1643],[-41.5472,-22.1789],[-41.5433,-22.1866],[-41.5388,-22.1899],[-41.5387,-22.1958],[-41.5492,-22.2001],[-41.5529,-22.2014],[-41.5497,-22.2118],[-41.5483,-22.2261],[-41.5342,-22.2287],[-41.538,-22.2326],[-41.5762,-22.2471],[-41.5914,-22.2536],[-41.6045,-22.2594],[-41.6196,-22.2656],[-41.6886,-22.2996],[-41.6954,-22.286],[-41.7,-22.2805],[-41.705,-22.2761],[-41.708,-22.2657],[-41.705,-22.2574],[-41.7714,-22.179],[-41.7714,-22.1789],[-41.7534,-22.1622],[-41.7213,-22.1337],[-41.7212,-22.1336],[-41.6928,-22.1086],[-41.6381,-22.1225]]]}},{"type":"Feature","properties":{"id":"3300951","name":"Comendador Levy Gasparian"},"geometry":{"type":"Polygon","coordinates":[[[-43.339,-22.0101],[-43.3305,-22.0104],[-43.3241,-22.0059],[-43.3174,-22.0064],[-43.3165,-22.0156],[-43.2987,-22.0196],[-43.2801,-22.0106],[-43.2688,-22.0118],[-43.262,-22.008],[-43.2544,-22.0115],[-43.2461,-22.0065],[-43.2362,-22.0116],[-43.2363,-22.0224],[-43.2332,-22.0234],[-43.2273,-22.028],[-43.2227,-22.0312],[-43.2152,-22.0302],[-43.211,-22.0296],[-43.2036,-22.0255],[-43.2026,-22.025],[-43.2043,-22.0348],[-43.2016,-22.0366],[-43.1804,-22.0288],[-43.1691,-22.0217],[-43.1643,-22.0225],[-43.163,-22.028],[-43.1547,-22.0319],[-43.1472,-22.0306],[-43.1437,-22.0332],[-43.1307,-22.0292],[-43.1309,-22.0355],[-43.1407,-22.039],[-43.1429,-22.0457],[-43.1982,-22.0619],[-43.2115,-22.0659],[-43.2128,-22.0663],[-43.214,-22.0666],[-43.2187,-22.0706],[-43.2591,-22.1025],[-43.255,-22.0561],[-43.2619,-22.0595],[-43.2682,-22.0719],[-43.2741,-22.0746],[-43.281,-22.0729],[-43.2826,-22.0666],[-43.2922,-22.0684],[-43.2979,-22.0635],[-43.3165,-22.0644],[-43.3401,-22.0498],[-43.3457,-22.054],[-43.3462,-22.0174],[-43.3464,-22.0031],[-43.339,-22.0101]]]}},{"type":"Feature","properties":{"id":"3301009","name":"Campos dos Goytacazes"},"geometry":{"type":"Polygon","coordinates":[[[-41.3771,-21.1953],[-41.3767,-21.2008],[-41.3707,-21.204],[-41.3632,-21.2024],[-41.3433,-21.2085],[-41.3378,-21.2069],[-41.3336,-21.2094],[-41.3322,-21.2145],[-41.3258,-21.218],[-41.3257,-21.2126],[-41.3167,-21.2133],[-41.3173,-21.2211],[-41.311,-21.2188],[-41.2974,-21.234],[-41.2884,-21.2337],[-41.2856,-21.2373],[-41.2835,-21.2345],[-41.2767,-21.2398],[-41.2721,-21.2461],[-41.2808,-21.2493],[-41.2875,-21.2564],[-41.2887,-21.2712],[-41.2987,-21.2861],[-41.3023,-21.2975],[-41.3097,-21.3016],[-41.3124,-21.3115],[-41.3068,-21.3133],[-41.2989,-21.3107],[-41.2957,-21.3158],[-41.2766,-21.3116],[-41.2619,-21.3142],[-41.2487,-21.3089],[-41.2499,-21.32],[-41.2632,-21.3322],[-41.2586,-21.3318],[-41.2578,-21.3395],[-41.2629,-21.3401],[-41.2704,-21.3535],[-41.2652,-21.3554],[-41.2638,-21.3635],[-41.2553,-21.3621],[-41.2429,-21.3659],[-41.2369,-21.3745],[-41.2371,-21.3813],[-41.2428,-21.3874],[-41.2567,-21.388],[-41.2566,-21.3948],[-41.2661,-21.4066],[-41.2577,-21.4212],[-41.2551,-21.4437],[-41.2584,-21.4656],[-41.255,-21.4756],[-41.2573,-21.4856],[-41.2613,-21.4889],[-41.2595,-21.4905],[-41.2486,-21.5004],[-41.2292,-21.4993],[-41.2436,-21.5203],[-41.2447,-21.522],[-41.2641,-21.5517],[-41.2328,-21.564],[-41.2174,-21.5802],[-41.1941,-21.5905],[-41.1875,-21.59],[-41.1813,-21.5977],[-41.1825,-21.6214],[-41.1909,-21.6602],[-41.1965,-21.6819],[-41.1888,-21.6821],[-41.1879,-21.6866],[-41.178,-21.688],[-41.1643,-21.6809],[-41.1591,-21.6745],[-41.1461,-21.6755],[-41.148,-21.6714],[-41.1388,-21.6715],[-41.1407,-21.6768],[-41.1357,-21.6773],[-41.1442,-21.6936],[-41.1519,-21.6968],[-41.164,-21.7088],[-41.1715,-21.7109],[-41.1761,-21.7176],[-41.1916,-21.7262],[-41.1917,-21.7306],[-41.177,-21.7434],[-41.1717,-21.7489],[-41.1772,-21.7752],[-41.1674,-21.7886],[-41.1544,-21.8077],[-41.1501,-21.8151],[-41.1495,-21.8162],[-41.1511,-21.8381],[-41.1534,-21.8599],[-41.1591,-21.8652],[-41.1588,-21.8707],[-41.1535,-21.8823],[-41.1401,-21.8943],[-41.1274,-21.9118],[-41.0841,-21.9128],[-41.077,-21.9129],[-41.0526,-21.9135],[-41.0524,-21.9135],[-41.0321,-21.9139],[-41.0315,-21.9139],[-41.0017,-21.9146],[-40.9822,-21.915],[-40.9797,-21.9151],[-40.9754,-21.9303],[-40.9741,-21.9681],[-40.9848,-21.9994],[-40.9924,-22.0095],[-41.0092,-22.022],[-41.0477,-22.0414],[-41.1306,-22.0905],[-41.132,-22.0899],[-41.1455,-22.0894],[-41.1413,-22.0947],[-41.1454,-22.0983],[-41.1487,-22.0953],[-41.1519,-22.0985],[-41.1518,-22.0945],[-41.159,-22.0935],[-41.1603,-22.1017],[-41.1765,-22.0952],[-41.1793,-22.0987],[-41.1892,-22.0986],[-41.1897,-22.1009],[-41.193,-22.0969],[-41.1912,-22.1031],[-41.1954,-22.1043],[-41.1989,-22.1013],[-41.2012,-22.1035],[-41.2076,-22.0961],[-41.2228,-22.0971],[-41.2297,-22.0949],[-41.24,-22.0987],[-41.2567,-22.0992],[-41.277,-22.0649],[-41.3093,-22.0486],[-41.3487,-22.0286],[-41.4401,-21.9822],[-41.4491,-21.9733],[-41.4516,-21.9746],[-41.4527,-21.9823],[-41.4662,-21.9858],[-41.4709,-22.0011],[-41.4748,-22.0027],[-41.4795,-21.9986],[-41.5002,-22.009],[-41.5168,-22.0156],[-41.5322,-22.0363],[-41.5425,-22.0529],[-41.5584,-22.0538],[-41.5902,-22.0472],[-41.6012,-22.0511],[-41.6164,-22.0463],[-41.6215,-22.0502],[-41.6447,-22.052],[-41.6525,-22.058],[-41.6576,-22.0573],[-41.6761,-22.0582],[-41.6825,-22.0543],[-41.6911,-22.0501],[-41.6971,-22.0533],[-41.6998,-22.0491],[-41.7169,-22.0592],[-41.7228,-22.0695],[-41.726,-22.0689],[-41.7338,-22.0759],[-41.7368,-22.0832],[-41.74,-22.0859],[-41.7503,-22.0855],[-41.7536,-22.0822],[-41.7546,-22.0709],[-41.7612,-22.063],[-41.7591,-22.0528],[-41.766,-22.0455],[-41.7629,-22.0431],[-41.7633,-22.0344],[-41.7731,-22.0214],[-41.7634,-22.0175],[-41.7631,-22.0237],[-41.749,-22.0102],[-41.7411,-22.0083],[-41.73,-21.9956],[-41.7213,-21.9924],[-41.7158,-21.9823],[-41.7194,-21.967],[-41.7124,-21.9611],[-41.7204,-21.944],[-41.7141,-21.9229],[-41.716,-21.9089],[-41.7106,-21.9049],[-41.7125,-21.9018],[-41.7069,-21.8925],[-41.7052,-21.8919],[-41.7108,-21.8925],[-41.7194,-21.8866],[-41.7394,-21.8897],[-41.7879,-21.8877],[-41.789,-21.8804],[-41.7969,-21.8763],[-41.8379,-21.8873],[-41.8571,-21.8846],[-41.887,-21.8804],[-41.884,-21.8716],[-41.8885,-21.863],[-41.8538,-21.8389],[-41.8396,-21.8342],[-41.8329,-21.8191],[-41.8205,-21.8132],[-41.8114,-21.8038],[-41.8093,-21.7966],[-41.795,-21.7929],[-41.7944,-21.7869],[-41.7953,-21.7836],[-41.7892,-21.7814],[-41.7764,-21.7864],[-41.7474,-21.7887],[-41.7514,-21.7799],[-41.7361,-21.7625],[-41.731,-21.7635],[-41.7173,-21.7524],[-41.7122,-21.7537],[-41.7121,-21.7537],[-41.6995,-21.7388],[-41.7009,-21.7253],[-41.6956,-21.714],[-41.6916,-21.7094],[-41.6893,-21.7115],[-41.6828,-21.7069],[-41.6825,-21.7028],[-41.6646,-21.6954],[-41.6504,-21.6873],[-41.6399,-21.6694],[-41.6179,-21.6696],[-41.6099,-21.6638],[-41.59,-21.6636],[-41.5835,-21.6529],[-41.5736,-21.6492],[-41.5739,-21.6446],[-41.5686,-21.6397],[-41.5644,-21.6422],[-41.5557,-21.6395],[-41.5509,-21.6283],[-41.5413,-21.6267],[-41.5388,-21.6213],[-41.5344,-21.6226],[-41.5036,-21.6498],[-41.4897,-21.6741],[-41.4283,-21.6165],[-41.4281,-21.6163],[-41.4249,-21.6101],[-41.4191,-21.6097],[-41.4081,-21.6072],[-41.4022,-21.6006],[-41.4002,-21.5829],[-41.3968,-21.5624],[-41.3728,-21.5406],[-41.3691,-21.5334],[-41.3735,-21.5202],[-41.3704,-21.5143],[-41.3733,-21.5115],[-41.3716,-21.5048],[-41.3898,-21.482],[-41.3893,-21.4785],[-41.3942,-21.4786],[-41.3978,-21.472],[-41.4125,-21.4632],[-41.4122,-21.4519],[-41.412,-21.4401],[-41.4172,-21.4337],[-41.4243,-21.4269],[-41.4302,-21.4135],[-41.4467,-21.4064],[-41.4494,-21.3977],[-41.4501,-21.3979],[-41.5125,-21.417],[-41.5467,-21.4275],[-41.5518,-21.4291],[-41.5528,-21.4258],[-41.5723,-21.3579],[-41.5841,-21.3164],[-41.5843,-21.3158],[-41.5875,-21.3118],[-41.5787,-21.306],[-41.5497,-21.292],[-41.537,-21.2791],[-41.5358,-21.281],[-41.5244,-21.2738],[-41.5254,-21.2676],[-41.5147,-21.2613],[-41.5018,-21.2612],[-41.498,-21.2484],[-41.4864,-21.2376],[-41.4706,-21.231],[-41.4665,-21.2262],[-41.4669,-21.2236],[-41.4679,-21.2157],[-41.4697,-21.2022],[-41.4665,-21.2041],[-41.4599,-21.2069],[-41.4537,-21.2079],[-41.4475,-21.2136],[-41.4352,-21.2155],[-41.4169,-21.1994],[-41.4128,-21.2012],[-41.4103,-21.1986],[-41.4064,-21.2023],[-41.403,-21.1984],[-41.395,-21.2011],[-41.3928,-21.2022],[-41.3879,-21.1989],[-41.3819,-21.1998],[-41.381,-21.1959],[-41.3771,-21.1953]]]}},{"type":"Feature","properties":{"id":"3301108","name":"Cantagalo"},"geometry":{"type":"Polygon","coordinates":[[[-42.2373,-21.6976],[-42.2273,-21.7254],[-42.2237,-21.7354],[-42.2025,-21.7912],[-42.1924,-21.8104],[-42.1818,-21.8304],[-42.1667,-21.8589],[-42.1711,-21.8664],[-42.1825,-21.8693],[-42.1839,-21.8749],[-42.1901,-21.8738],[-42.199,-21.8812],[-42.2067,-21.8773],[-42.2103,-21.88],[-42.21,-21.8878],[-42.2149,-21.8914],[-42.2132,-21.8968],[-42.2177,-21.905],[-42.2207,-21.9091],[-42.2137,-21.9097],[-42.2102,-21.9189],[-42.2207,-21.9181],[-42.2253,-21.9303],[-42.2307,-21.9347],[-42.2333,-21.9365],[-42.2431,-21.9533],[-42.2404,-21.9641],[-42.2431,-21.9727],[-42.2495,-21.9768],[-42.2497,-21.9768],[-42.2574,-21.9898],[-42.2616,-21.9876],[-42.2717,-21.9845],[-42.2783,-21.9882],[-42.2886,-21.9794],[-42.2919,-21.9813],[-42.2999,-21.9743],[-42.301,-21.9875],[-42.308,-21.9809],[-42.3135,-21.9968],[-42.3178,-21.9973],[-42.3542,-22.0029],[-42.3739,-22.0032],[-42.3839,-22.0023],[-42.3914,-22.0095],[-42.3923,-22.0151],[-42.4012,-22.0199],[-42.4032,-22.03],[-42.4107,-22.0334],[-42.4148,-22.0399],[-42.4415,-22.0028],[-42.4816,-21.9469],[-42.5042,-21.9149],[-42.5098,-21.9078],[-42.5086,-21.9073],[-42.4947,-21.9024],[-42.4797,-21.8919],[-42.4728,-21.8928],[-42.4626,-21.8834],[-42.4595,-21.8804],[-42.4574,-21.8792],[-42.4523,-21.8766],[-42.4388,-21.8785],[-42.4302,-21.8709],[-42.4347,-21.8652],[-42.4528,-21.8523],[-42.4517,-21.8473],[-42.44,-21.8404],[-42.4474,-21.8321],[-42.4395,-21.8293],[-42.4494,-21.825],[-42.4483,-21.8197],[-42.4519,-21.8172],[-42.4539,-21.8171],[-42.462,-21.8111],[-42.4686,-21.7984],[-42.4623,-21.7953],[-42.4602,-21.785],[-42.3908,-21.7597],[-42.3831,-21.7529],[-42.3779,-21.7485],[-42.3763,-21.7482],[-42.3561,-21.7414],[-42.3354,-21.7458],[-42.3244,-21.7423],[-42.3111,-21.7351],[-42.3068,-21.729],[-42.2669,-21.7137],[-42.2666,-21.7137],[-42.2496,-21.7066],[-42.2373,-21.6976]]]}},{"type":"Feature","properties":{"id":"3301157","name":"Cardoso Moreira"},"geometry":{"type":"Polygon","coordinates":[[[-41.4125,-21.4632],[-41.3978,-21.472],[-41.3942,-21.4786],[-41.3893,-21.4785],[-41.3898,-21.482],[-41.3716,-21.5048],[-41.3733,-21.5115],[-41.3704,-21.5143],[-41.3735,-21.5202],[-41.3691,-21.5334],[-41.3728,-21.5406],[-41.3968,-21.5624],[-41.4002,-21.5829],[-41.4022,-21.6006],[-41.4081,-21.6072],[-41.4191,-21.6097],[-41.4249,-21.6101],[-41.4281,-21.6163],[-41.4283,-21.6165],[-41.4897,-21.6741],[-41.5036,-21.6498],[-41.5344,-21.6226],[-41.5388,-21.6213],[-41.5484,-21.6147],[-41.5416,-21.561],[-41.5564,-21.5647],[-41.6269,-21.5956],[-41.6325,-21.5727],[-41.6417,-21.535],[-41.6547,-21.4788],[-41.6526,-21.4783],[-41.6312,-21.4737],[-41.6183,-21.4709],[-41.6016,-21.4818],[-41.5941,-21.4689],[-41.5791,-21.4582],[-41.5743,-21.4461],[-41.5686,-21.4445],[-41.559,-21.4369],[-41.5518,-21.4291],[-41.5467,-21.4275],[-41.5125,-21.417],[-41.4501,-21.3979],[-41.4494,-21.3977],[-41.4467,-21.4064],[-41.4302,-21.4135],[-41.4243,-21.4269],[-41.4172,-21.4337],[-41.412,-21.4401],[-41.4122,-21.4519],[-41.4125,-21.4632]]]}},{"type":"Feature","properties":{"id":"3301207","name":"Carmo"},"geometry":{"type":"Polygon","coordinates":[[[-42.44,-21.8404],[-42.4517,-21.8473],[-42.4528,-21.8523],[-42.4347,-21.8652],[-42.4302,-21.8709],[-42.4388,-21.8785],[-42.4523,-21.8766],[-42.4574,-21.8792],[-42.4595,-21.8804],[-42.4626,-21.8834],[-42.4728,-21.8928],[-42.4797,-21.8919],[-42.4947,-21.9024],[-42.5086,-21.9073],[-42.5098,-21.9078],[-42.5116,-21.9125],[-42.5177,-21.9131],[-42.5273,-21.9065],[-42.5378,-21.9157],[-42.5381,-21.9282],[-42.5463,-21.9299],[-42.5439,-21.935],[-42.549,-21.9491],[-42.5465,-21.9516],[-42.5512,-21.9541],[-42.5553,-21.9514],[-42.5584,-21.9573],[-42.5551,-21.9614],[-42.5569,-21.9664],[-42.551,-21.9671],[-42.5528,-21.9753],[-42.547,-21.9837],[-42.551,-21.9914],[-42.5466,-21.9929],[-42.5472,-21.9963],[-42.5527,-22.001],[-42.5598,-21.9988],[-42.5602,-22.0036],[-42.5706,-22.0107],[-42.5721,-22.0186],[-42.6379,-21.9913],[-42.6383,-21.9912],[-42.6913,-21.9694],[-42.6892,-21.9631],[-42.6968,-21.9634],[-42.6994,-21.9605],[-42.691,-21.9507],[-42.6802,-21.9487],[-42.6729,-21.9364],[-42.6707,-21.9224],[-42.664,-21.9157],[-42.6623,-21.9062],[-42.6693,-21.8972],[-42.6636,-21.8914],[-42.6662,-21.8847],[-42.6681,-21.8797],[-42.6685,-21.874],[-42.6626,-21.8719],[-42.6557,-21.8694],[-42.6466,-21.8667],[-42.6123,-21.8549],[-42.6081,-21.8517],[-42.6048,-21.8546],[-42.597,-21.8532],[-42.5795,-21.8452],[-42.582,-21.8372],[-42.5524,-21.8252],[-42.5401,-21.8206],[-42.464,-21.7863],[-42.4602,-21.785],[-42.4623,-21.7953],[-42.4686,-21.7984],[-42.462,-21.8111],[-42.4539,-21.8171],[-42.4519,-21.8172],[-42.4483,-21.8197],[-42.4494,-21.825],[-42.4395,-21.8293],[-42.4474,-21.8321],[-42.44,-21.8404]]]}},{"type":"Feature","properties":{"id":"3301306","name":"Casimiro de Abreu"},"geometry":{"type":"Polygon","coordinates":[[[-42.2113,-22.3612],[-42.206,-22.368],[-42.2051,-22.3701],[-42.2155,-22.3739],[-42.2158,-22.3823],[-42.2106,-22.3807],[-42.2074,-22.3871],[-42.2141,-22.3911],[-42.2106,-22.3953],[-42.2191,-22.4056],[-42.2051,-22.4135],[-42.2073,-22.4204],[-42.2035,-22.4281],[-42.1885,-22.4327],[-42.1792,-22.4281],[-42.1716,-22.4213],[-42.1617,-22.4275],[-42.1617,-22.4233],[-42.1527,-22.4212],[-42.1457,-22.4272],[-42.1412,-22.4244],[-42.1379,-22.4127],[-42.1266,-22.4123],[-42.1244,-22.4055],[-42.1172,-22.4019],[-42.0994,-22.4048],[-42.0989,-22.4178],[-42.106,-22.4357],[-42.0884,-22.4388],[-42.0765,-22.4308],[-42.0724,-22.4316],[-42.0689,-22.4353],[-42.0635,-22.4337],[-42.0645,-22.4225],[-42.0475,-22.4238],[-42.0368,-22.4276],[-42.0365,-22.4318],[-42.0153,-22.4252],[-42.0197,-22.43],[-42.0206,-22.4435],[-42.02,-22.4444],[-42.0193,-22.4492],[-42.0291,-22.4555],[-42.0272,-22.4685],[-42.0157,-22.4838],[-42.0057,-22.4855],[-41.9915,-22.5029],[-41.9896,-22.5065],[-41.9901,-22.5074],[-41.9898,-22.5142],[-41.9873,-22.5403],[-41.9867,-22.5462],[-41.9791,-22.5621],[-41.9891,-22.5985],[-41.9926,-22.5972],[-41.9961,-22.5933],[-41.9918,-22.5782],[-41.9961,-22.5748],[-41.9988,-22.5763],[-42.0047,-22.5842],[-42.0114,-22.5706],[-42.0168,-22.5775],[-42.0214,-22.5759],[-42.0211,-22.5686],[-42.0298,-22.5708],[-42.033,-22.5607],[-42.0363,-22.5599],[-42.0421,-22.5684],[-42.0479,-22.5621],[-42.0612,-22.56],[-42.0614,-22.572],[-42.0728,-22.5677],[-42.0807,-22.575],[-42.084,-22.5695],[-42.0933,-22.5717],[-42.0919,-22.5629],[-42.096,-22.561],[-42.1005,-22.5642],[-42.1052,-22.5602],[-42.1098,-22.5667],[-42.1196,-22.566],[-42.1243,-22.5641],[-42.1214,-22.5543],[-42.1271,-22.5575],[-42.1331,-22.5549],[-42.1315,-22.546],[-42.1388,-22.5401],[-42.1475,-22.5404],[-42.1413,-22.5486],[-42.1514,-22.5561],[-42.1536,-22.5506],[-42.1512,-22.5481],[-42.1558,-22.5457],[-42.1715,-22.548],[-42.1764,-22.5452],[-42.1786,-22.5482],[-42.1822,-22.5522],[-42.1861,-22.5505],[-42.1875,-22.5546],[-42.1929,-22.5475],[-42.1975,-22.5478],[-42.2053,-22.5408],[-42.2147,-22.5384],[-42.2468,-22.5456],[-42.2519,-22.5438],[-42.2548,-22.5319],[-42.2621,-22.5307],[-42.2606,-22.527],[-42.2656,-22.519],[-42.2613,-22.5055],[-42.2672,-22.4981],[-42.2706,-22.4859],[-42.2829,-22.478],[-42.2897,-22.4662],[-42.2942,-22.4654],[-42.3016,-22.4654],[-42.304,-22.4578],[-42.2967,-22.4423],[-42.2943,-22.4302],[-42.2893,-22.4279],[-42.2804,-22.4119],[-42.2705,-22.4023],[-42.2787,-22.4015],[-42.29,-22.3906],[-42.2764,-22.3787],[-42.2596,-22.371],[-42.258,-22.366],[-42.2515,-22.367],[-42.2402,-22.361],[-42.2228,-22.3582],[-42.2256,-22.352],[-42.2184,-22.3548],[-42.2175,-22.3594],[-42.2113,-22.3612]]]}},{"type":"Feature","properties":{"id":"3301405","name":"Conceição de Macabu"},"geometry":{"type":"Polygon","coordinates":[[[-41.888,-22.0486],[-41.877,-22.0546],[-41.8674,-22.0516],[-41.8605,-22.0616],[-41.8594,-22.0616],[-41.8571,-22.0633],[-41.8485,-22.071],[-41.8371,-22.0708],[-41.8385,-22.0737],[-41.8324,-22.0778],[-41.8213,-22.099],[-41.7921,-22.0995],[-41.7784,-22.0962],[-41.7665,-22.0843],[-41.7503,-22.0855],[-41.74,-22.0859],[-41.7368,-22.0832],[-41.7338,-22.0759],[-41.726,-22.0689],[-41.7228,-22.0695],[-41.7169,-22.0592],[-41.6998,-22.0491],[-41.6971,-22.0533],[-41.6911,-22.0501],[-41.6825,-22.0543],[-41.6761,-22.0582],[-41.6576,-22.0573],[-41.6618,-22.0587],[-41.6631,-22.0683],[-41.6671,-22.068],[-41.675,-22.0762],[-41.6928,-22.1086],[-41.7212,-22.1336],[-41.7213,-22.1337],[-41.7534,-22.1622],[-41.7714,-22.1789],[-41.8238,-22.1448],[-41.8193,-22.1858],[-41.8396,-22.199],[-41.8498,-22.2341],[-41.8517,-22.243],[-41.8588,-22.2667],[-41.8634,-22.2737],[-41.8781,-22.2744],[-41.8863,-22.2684],[-41.8857,-22.2585],[-41.8923,-22.2563],[-41.8942,-22.2481],[-41.9062,-22.2428],[-41.8997,-22.2378],[-41.9025,-22.2308],[-41.9149,-22.23],[-41.9186,-22.2243],[-41.9177,-22.2154],[-41.904,-22.1984],[-41.9006,-22.1869],[-41.9112,-22.1845],[-41.9079,-22.1744],[-41.9136,-22.1689],[-41.9192,-22.1705],[-41.9205,-22.1613],[-41.9342,-22.1644],[-41.9413,-22.1583],[-41.9528,-22.1514],[-41.9727,-22.1564],[-41.9713,-22.1313],[-41.9615,-22.1262],[-41.9577,-22.1171],[-41.9623,-22.1052],[-41.9587,-22.0982],[-41.9622,-22.0951],[-41.9604,-22.0769],[-41.9419,-22.0697],[-41.9343,-22.0562],[-41.9099,-22.0673],[-41.9042,-22.0644],[-41.9031,-22.0575],[-41.8991,-22.0544],[-41.8946,-22.0555],[-41.888,-22.0486]]]}},{"type":"Feature","properties":{"id":"3301504","name":"Cordeiro"},"geometry":{"type":"Polygon","coordinates":[[[-42.3178,-21.9973],[-42.3164,-22.0018],[-42.3112,-22.0308],[-42.3043,-22.0281],[-42.2977,-22.0298],[-42.2964,-22.0405],[-42.3011,-22.0494],[-42.311,-22.057],[-42.3117,-22.0692],[-42.2984,-22.0825],[-42.2828,-22.0869],[-42.2778,-22.0914],[-42.2686,-22.0894],[-42.2781,-22.0955],[-42.2752,-22.0969],[-42.2756,-22.107],[-42.2702,-22.104],[-42.2657,-22.1064],[-42.263,-22.1184],[-42.2658,-22.121],[-42.2858,-22.1135],[-42.2936,-22.1148],[-42.2936,-22.116],[-42.2988,-22.1238],[-42.3146,-22.1095],[-42.3231,-22.114],[-42.3277,-22.1219],[-42.3417,-22.1247],[-42.3413,-22.1146],[-42.3456,-22.1063],[-42.3493,-22.1026],[-42.3923,-22.066],[-42.4148,-22.0399],[-42.4107,-22.0334],[-42.4032,-22.03],[-42.4012,-22.0199],[-42.3923,-22.0151],[-42.3914,-22.0095],[-42.3839,-22.0023],[-42.3739,-22.0032],[-42.3542,-22.0029],[-42.3178,-21.9973]]]}},{"type":"Feature","properties":{"id":"3301603","name":"Duas Barras"},"geometry":{"type":"Polygon","coordinates":[[[-42.5273,-21.9065],[-42.5177,-21.9131],[-42.5116,-21.9125],[-42.5098,-21.9078],[-42.5042,-21.9149],[-42.4816,-21.9469],[-42.4415,-22.0028],[-42.4148,-22.0399],[-42.3923,-22.066],[-42.3493,-22.1026],[-42.3456,-22.1063],[-42.3643,-22.1161],[-42.3755,-22.1169],[-42.3795,-22.1253],[-42.3899,-22.1293],[-42.3933,-22.1282],[-42.3957,-22.1201],[-42.4195,-22.1177],[-42.4233,-22.119],[-42.4235,-22.1151],[-42.4282,-22.1143],[-42.4379,-22.1223],[-42.4468,-22.117],[-42.4698,-22.1121],[-42.4709,-22.1181],[-42.464,-22.1294],[-42.4666,-22.1308],[-42.5022,-22.1486],[-42.5252,-22.1604],[-42.5291,-22.1568],[-42.5449,-22.1553],[-42.5528,-22.1593],[-42.5573,-22.1634],[-42.5649,-22.1606],[-42.5735,-22.1629],[-42.5777,-22.1406],[-42.6108,-22.1402],[-42.6127,-22.1372],[-42.617,-22.134],[-42.607,-22.1266],[-42.609,-22.1208],[-42.6061,-22.1163],[-42.6017,-22.111],[-42.5945,-22.1105],[-42.5942,-22.1102],[-42.5868,-22.1033],[-42.5947,-22.0984],[-42.6034,-22.0973],[-42.6051,-22.0874],[-42.598,-22.0778],[-42.5881,-22.0765],[-42.5743,-22.0649],[-42.5737,-22.0577],[-42.581,-22.0491],[-42.5729,-22.0478],[-42.5646,-22.0384],[-42.5632,-22.0296],[-42.5752,-22.0254],[-42.5721,-22.0186],[-42.5706,-22.0107],[-42.5602,-22.0036],[-42.5598,-21.9988],[-42.5527,-22.001],[-42.5472,-21.9963],[-42.5466,-21.9929],[-42.551,-21.9914],[-42.547,-21.9837],[-42.5528,-21.9753],[-42.551,-21.9671],[-42.5569,-21.9664],[-42.5551,-21.9614],[-42.5584,-21.9573],[-42.5553,-21.9514],[-42.5512,-21.9541],[-42.5465,-21.9516],[-42.549,-21.9491],[-42.5439,-21.935],[-42.5463,-21.9299],[-42.5381,-21.9282],[-42.5378,-21.9157],[-42.5273,-21.9065]]]}},{"type":"Feature","properties":{"id":"3301702","name":"Duque de Caxias"},"geometry":{"type":"Polygon","coordinates":[[[-43.238,-22.5099],[-43.2326,-22.5188],[-43.2263,-22.5162],[-43.2213,-22.5208],[-43.2257,-22.5227],[-43.2263,-22.5285],[-43.2334,-22.5223],[-43.2461,-22.5264],[-43.2526,-22.5425],[-43.2582,-22.5557],[-43.2604,-22.5608],[-43.2547,-22.5737],[-43.2515,-22.5736],[-43.2496,-22.5729],[-43.2249,-22.5632],[-43.2238,-22.5653],[-43.2052,-22.6021],[-43.202,-22.6083],[-43.1944,-22.6223],[-43.195,-22.6289],[-43.2111,-22.6423],[-43.2195,-22.6606],[-43.2245,-22.6748],[-43.2189,-22.6803],[-43.2179,-22.6873],[-43.2155,-22.7006],[-43.2143,-22.7071],[-43.218,-22.7069],[-43.2241,-22.7148],[-43.2207,-22.724],[-43.2151,-22.727],[-43.2119,-22.7302],[-43.216,-22.7355],[-43.227,-22.7398],[-43.2356,-22.7351],[-43.2327,-22.7399],[-43.2392,-22.7409],[-43.2444,-22.7463],[-43.2424,-22.7498],[-43.2528,-22.7567],[-43.2588,-22.7554],[-43.254,-22.7591],[-43.2717,-22.7717],[-43.2705,-22.774],[-43.2778,-22.7805],[-43.2768,-22.7853],[-43.2882,-22.8003],[-43.2878,-22.8079],[-43.2908,-22.8095],[-43.2993,-22.8057],[-43.3071,-22.7979],[-43.3136,-22.8019],[-43.3201,-22.7995],[-43.3272,-22.8018],[-43.3302,-22.8016],[-43.3304,-22.756],[-43.3304,-22.7558],[-43.3206,-22.7114],[-43.3201,-22.709],[-43.3265,-22.7058],[-43.3282,-22.6953],[-43.3505,-22.6977],[-43.3651,-22.685],[-43.3651,-22.6844],[-43.3655,-22.6795],[-43.3749,-22.672],[-43.395,-22.6638],[-43.4012,-22.6561],[-43.392,-22.6415],[-43.3825,-22.6307],[-43.3826,-22.6217],[-43.4012,-22.6106],[-43.4104,-22.611],[-43.4148,-22.6006],[-43.4146,-22.593],[-43.4031,-22.5874],[-43.3879,-22.5717],[-43.392,-22.5557],[-43.4091,-22.5449],[-43.404,-22.5416],[-43.4038,-22.5345],[-43.3842,-22.53],[-43.3783,-22.5226],[-43.3745,-22.5201],[-43.367,-22.5263],[-43.3559,-22.5217],[-43.3315,-22.5187],[-43.3318,-22.512],[-43.3001,-22.4831],[-43.2963,-22.4753],[-43.2756,-22.4879],[-43.238,-22.5099]]]}},{"type":"Feature","properties":{"id":"3301801","name":"Engenheiro Paulo de Frontin"},"geometry":{"type":"Polygon","coordinates":[[[-43.5605,-22.5041],[-43.5725,-22.5235],[-43.585,-22.5438],[-43.5975,-22.564],[-43.6222,-22.5256],[-43.6247,-22.5295],[-43.6231,-22.5422],[-43.6348,-22.5567],[-43.634,-22.5706],[-43.6586,-22.5809],[-43.6716,-22.5863],[-43.693,-22.5768],[-43.6903,-22.5741],[-43.6898,-22.5672],[-43.6817,-22.5576],[-43.6827,-22.5554],[-43.6895,-22.5512],[-43.705,-22.5639],[-43.7134,-22.5615],[-43.7137,-22.5613],[-43.7126,-22.5499],[-43.6975,-22.5415],[-43.7168,-22.4957],[-43.7166,-22.4957],[-43.6572,-22.478],[-43.651,-22.4761],[-43.6341,-22.4711],[-43.5838,-22.4561],[-43.5728,-22.4605],[-43.5691,-22.4743],[-43.5605,-22.5041]]]}},{"type":"Feature","properties":{"id":"3301850","name":"Guapimirim"},"geometry":{"type":"Polygon","coordinates":[[[-43.0404,-22.4554],[-43.033,-22.4616],[-43.0256,-22.4548],[-43.0246,-22.461],[-43.0161,-22.4657],[-42.999,-22.4586],[-42.9891,-22.4617],[-42.9875,-22.462],[-42.9738,-22.47],[-42.9629,-22.4636],[-42.9574,-22.4651],[-42.9544,-22.4569],[-42.9452,-22.4552],[-42.9417,-22.4569],[-42.9281,-22.4494],[-42.9252,-22.4529],[-42.9119,-22.4544],[-42.9205,-22.4602],[-42.9213,-22.4751],[-42.9065,-22.4962],[-42.8918,-22.5026],[-42.8883,-22.512],[-42.891,-22.514],[-42.8979,-22.5185],[-42.8924,-22.5234],[-42.889,-22.5384],[-42.8878,-22.5408],[-42.8875,-22.5412],[-42.887,-22.5421],[-42.8821,-22.5493],[-42.8691,-22.5622],[-42.8663,-22.5708],[-42.8748,-22.576],[-42.8851,-22.5862],[-42.8875,-22.5915],[-42.9063,-22.6003],[-42.9101,-22.6167],[-42.9031,-22.6255],[-42.9002,-22.6361],[-42.9057,-22.6528],[-42.9068,-22.6548],[-42.9125,-22.6556],[-42.9093,-22.6598],[-42.9145,-22.6626],[-42.9122,-22.6713],[-42.9277,-22.6929],[-42.9342,-22.6926],[-42.9337,-22.6975],[-42.9429,-22.6985],[-42.9436,-22.706],[-42.9525,-22.7123],[-42.9593,-22.7147],[-42.9621,-22.7239],[-42.9667,-22.7216],[-42.974,-22.7308],[-42.9778,-22.7265],[-42.9918,-22.727],[-43.0059,-22.7144],[-43.0133,-22.7176],[-43.0145,-22.7239],[-43.0274,-22.7247],[-43.0345,-22.7162],[-43.0352,-22.7096],[-43.0319,-22.705],[-43.0261,-22.7052],[-43.0354,-22.6979],[-43.0316,-22.6921],[-43.0382,-22.6881],[-43.0399,-22.691],[-43.0437,-22.685],[-43.0408,-22.6784],[-43.0356,-22.6787],[-43.0322,-22.674],[-43.0279,-22.6652],[-43.0224,-22.664],[-43.0216,-22.651],[-43.0128,-22.637],[-43.0154,-22.57],[-43.0157,-22.5624],[-43.0159,-22.557],[-43.016,-22.5521],[-43.019,-22.5255],[-43.0228,-22.5223],[-43.0219,-22.5145],[-43.0284,-22.5135],[-43.0278,-22.4987],[-43.0469,-22.4875],[-43.0551,-22.4884],[-43.0615,-22.4847],[-43.0619,-22.4832],[-43.0562,-22.48],[-43.0553,-22.4676],[-43.0475,-22.4597],[-43.042,-22.4593],[-43.0404,-22.4554]]]}},{"type":"Feature","properties":{"id":"3301876","name":"Iguaba Grande"},"geometry":{"type":"Polygon","coordinates":[[[-42.1962,-22.8549],[-42.1989,-22.8788],[-42.2107,-22.8778],[-42.2203,-22.8685],[-42.2265,-22.8686],[-42.234,-22.8739],[-42.2377,-22.8637],[-42.2396,-22.861],[-42.2491,-22.8484],[-42.2398,-22.8399],[-42.245,-22.8227],[-42.245,-22.8226],[-42.2542,-22.7913],[-42.2096,-22.7855],[-42.2039,-22.7804],[-42.201,-22.7866],[-42.1969,-22.7926],[-42.2009,-22.7956],[-42.1937,-22.8013],[-42.1962,-22.8073],[-42.1929,-22.8156],[-42.1928,-22.8217],[-42.1769,-22.8274],[-42.1962,-22.8549]]]}},{"type":"Feature","properties":{"id":"3301900","name":"Itaboraí"},"geometry":{"type":"Polygon","coordinates":[[[-42.8445,-22.6361],[-42.8254,-22.6383],[-42.8054,-22.6353],[-42.7975,-22.638],[-42.791,-22.635],[-42.7862,-22.6394],[-42.7859,-22.6396],[-42.7767,-22.6498],[-42.7657,-22.6626],[-42.7643,-22.6642],[-42.7555,-22.6744],[-42.746,-22.686],[-42.7547,-22.7018],[-42.7698,-22.7089],[-42.7698,-22.7097],[-42.7615,-22.7188],[-42.7611,-22.7242],[-42.7628,-22.726],[-42.7641,-22.7389],[-42.7988,-22.7362],[-42.806,-22.7431],[-42.7988,-22.7499],[-42.8004,-22.7536],[-42.7954,-22.7565],[-42.7914,-22.7533],[-42.7866,-22.7588],[-42.7911,-22.7719],[-42.7833,-22.7751],[-42.7896,-22.7872],[-42.7966,-22.7868],[-42.7989,-22.7903],[-42.7983,-22.7932],[-42.803,-22.7943],[-42.798,-22.8002],[-42.7843,-22.8039],[-42.7578,-22.7962],[-42.7504,-22.8015],[-42.738,-22.8069],[-42.7387,-22.8122],[-42.7508,-22.8246],[-42.7524,-22.8285],[-42.7388,-22.8332],[-42.7332,-22.8407],[-42.749,-22.8502],[-42.7562,-22.8501],[-42.7655,-22.8432],[-42.7966,-22.8496],[-42.8181,-22.8591],[-42.8254,-22.8587],[-42.8339,-22.8691],[-42.837,-22.8705],[-42.8463,-22.8724],[-42.8588,-22.8691],[-42.8618,-22.8705],[-42.8641,-22.8721],[-42.8656,-22.8722],[-42.8738,-22.8697],[-42.8855,-22.8671],[-42.8958,-22.8424],[-42.9062,-22.8171],[-42.9102,-22.8164],[-42.9191,-22.8192],[-42.9427,-22.7954],[-42.9405,-22.7757],[-42.9441,-22.7694],[-42.9505,-22.7687],[-42.9623,-22.7583],[-42.9895,-22.7492],[-42.9912,-22.7441],[-42.9975,-22.734],[-43.0009,-22.7379],[-43.0106,-22.7366],[-43.0174,-22.7427],[-43.0264,-22.7419],[-43.0305,-22.7329],[-43.0274,-22.7247],[-43.0145,-22.7239],[-43.0133,-22.7176],[-43.0059,-22.7144],[-42.9918,-22.727],[-42.9778,-22.7265],[-42.974,-22.7308],[-42.9667,-22.7216],[-42.9621,-22.7239],[-42.9593,-22.7147],[-42.9525,-22.7123],[-42.9436,-22.706],[-42.9429,-22.6985],[-42.9337,-22.6975],[-42.9342,-22.6926],[-42.9277,-22.6929],[-42.9122,-22.6713],[-42.9145,-22.6626],[-42.9093,-22.6598],[-42.9125,-22.6556],[-42.9068,-22.6548],[-42.8803,-22.6454],[-42.8445,-22.6361]]]}},{"type":"Feature","properties":{"id":"3302007","name":"Itaguaí"},"geometry":{"type":"Polygon","coordinates":[[[-43.8279,-23.0573],[-43.7936,-23.0608],[-43.7115,-23.0546],[-43.6667,-23.0423],[-43.6681,-23.0536],[-43.778,-23.0613],[-43.8587,-23.0717],[-43.8642,-23.0441],[-43.8279,-23.0573]],[[-43.858,-22.9546],[-43.8635,-22.9554],[-43.8605,-22.9528],[-43.8626,-22.9465],[-43.8569,-22.9446],[-43.8598,-22.9469],[-43.8559,-22.9498],[-43.858,-22.9546]],[[-43.8642,-22.9452],[-43.8648,-22.9454],[-43.8655,-22.9454],[-43.8661,-22.9451],[-43.8659,-22.9442],[-43.8655,-22.9434],[-43.8648,-22.9438],[-43.8646,-22.9442],[-43.8637,-22.9445],[-43.8642,-22.9452]],[[-43.865,-22.9242],[-43.865,-22.9243],[-43.8652,-22.9242],[-43.865,-22.9242]],[[-43.8729,-22.947],[-43.8796,-22.9502],[-43.8838,-22.9475],[-43.8838,-22.9462],[-43.884,-22.9405],[-43.8843,-22.9271],[-43.8819,-22.9239],[-43.8677,-22.9256],[-43.8777,-22.9404],[-43.8749,-22.9414],[-43.8764,-22.9461],[-43.8729,-22.947]],[[-43.7849,-22.6928],[-43.7833,-22.6956],[-43.7717,-22.6926],[-43.7654,-22.7014],[-43.7593,-22.7025],[-43.7534,-22.6992],[-43.7398,-22.7053],[-43.738,-22.7089],[-43.7435,-22.713],[-43.7445,-22.7205],[-43.7504,-22.7273],[-43.765,-22.7278],[-43.7701,-22.7341],[-43.7715,-22.7497],[-43.7655,-22.7545],[-43.7703,-22.757],[-43.7751,-22.7689],[-43.796,-22.7719],[-43.7969,-22.7729],[-43.7996,-22.7793],[-43.8036,-22.789],[-43.8024,-22.8028],[-43.7842,-22.8183],[-43.773,-22.82],[-43.7722,-22.82],[-43.7611,-22.8304],[-43.7571,-22.832],[-43.7332,-22.8415],[-43.73,-22.8427],[-43.7176,-22.8476],[-43.7169,-22.8479],[-43.6741,-22.8642],[-43.6974,-22.8644],[-43.7329,-22.8773],[-43.7493,-22.8783],[-43.7509,-22.8879],[-43.7635,-22.892],[-43.7668,-22.895],[-43.7726,-22.8927],[-43.7744,-22.8964],[-43.7798,-22.8951],[-43.7839,-22.9035],[-43.787,-22.9002],[-43.7939,-22.9034],[-43.7912,-22.9132],[-43.7946,-22.9172],[-43.805,-22.9142],[-43.8157,-22.9188],[-43.8149,-22.912],[-43.8221,-22.9106],[-43.8193,-22.9208],[-43.8325,-22.9284],[-43.8414,-22.9292],[-43.8437,-22.9254],[-43.8515,-22.9243],[-43.8502,-22.9203],[-43.8538,-22.9181],[-43.8357,-22.9126],[-43.8323,-22.908],[-43.8365,-22.903],[-43.8559,-22.9016],[-43.8707,-22.905],[-43.8797,-22.9114],[-43.8843,-22.9216],[-43.8846,-22.8956],[-43.8852,-22.8849],[-43.8929,-22.8813],[-43.9048,-22.8857],[-43.9121,-22.8845],[-43.924,-22.8936],[-43.936,-22.8923],[-43.9379,-22.8879],[-43.9381,-22.8873],[-43.9382,-22.8867],[-43.9396,-22.8783],[-43.9296,-22.8739],[-43.9253,-22.8627],[-43.91,-22.845],[-43.9123,-22.8358],[-43.9048,-22.8301],[-43.8972,-22.8323],[-43.8907,-22.829],[-43.8887,-22.8218],[-43.8793,-22.8168],[-43.8789,-22.8116],[-43.8695,-22.8073],[-43.8386,-22.7977],[-43.8228,-22.7826],[-43.8229,-22.7762],[-43.8125,-22.7712],[-43.8215,-22.7659],[-43.8285,-22.7674],[-43.8376,-22.7601],[-43.8392,-22.7545],[-43.8342,-22.7507],[-43.836,-22.7454],[-43.8322,-22.7406],[-43.8325,-22.7294],[-43.7851,-22.6921],[-43.785,-22.6927],[-43.7849,-22.6928]]]}},{"type":"Feature","properties":{"id":"3302056","name":"Italva"},"geometry":{"type":"Polygon","coordinates":[[[-41.5841,-21.3164],[-41.5723,-21.3579],[-41.5528,-21.4258],[-41.5518,-21.4291],[-41.559,-21.4369],[-41.5686,-21.4445],[-41.5743,-21.4461],[-41.5791,-21.4582],[-41.5941,-21.4689],[-41.6016,-21.4818],[-41.6183,-21.4709],[-41.6312,-21.4737],[-41.6526,-21.4783],[-41.6547,-21.4788],[-41.6417,-21.535],[-41.6325,-21.5727],[-41.6269,-21.5956],[-41.6393,-21.578],[-41.6731,-21.53],[-41.6835,-21.5157],[-41.7035,-21.4982],[-41.7426,-21.4638],[-41.7147,-21.4563],[-41.7115,-21.4554],[-41.7477,-21.4262],[-41.7777,-21.4012],[-41.7687,-21.3985],[-41.7613,-21.3895],[-41.7382,-21.3795],[-41.7316,-21.3715],[-41.7208,-21.3663],[-41.7194,-21.3667],[-41.7091,-21.3681],[-41.7034,-21.3712],[-41.7012,-21.3639],[-41.6919,-21.3558],[-41.6826,-21.3549],[-41.679,-21.3481],[-41.6683,-21.3446],[-41.651,-21.3578],[-41.6469,-21.3558],[-41.6502,-21.3479],[-41.6471,-21.3456],[-41.636,-21.353],[-41.6336,-21.3489],[-41.6298,-21.3554],[-41.6216,-21.3577],[-41.6256,-21.3404],[-41.6165,-21.3393],[-41.6124,-21.333],[-41.5896,-21.3249],[-41.5841,-21.3164]]]}},{"type":"Feature","properties":{"id":"3302106","name":"Itaocara"},"geometry":{"type":"Polygon","coordinates":[[[-41.9377,-21.6276],[-41.9376,-21.6455],[-41.9376,-21.6967],[-41.9375,-21.741],[-41.9522,-21.7285],[-41.9752,-21.7343],[-41.9763,-21.739],[-41.98,-21.7388],[-41.9816,-21.7333],[-41.9867,-21.7354],[-41.9868,-21.7355],[-42.0021,-21.7407],[-42.0046,-21.7455],[-42.0104,-21.7444],[-42.0219,-21.7562],[-42.0136,-21.7652],[-42.0136,-21.7714],[-42.0316,-21.7656],[-42.0395,-21.7732],[-42.0436,-21.7834],[-42.0508,-21.7786],[-42.057,-21.7859],[-42.0603,-21.7884],[-42.0632,-21.7912],[-42.059,-21.8006],[-42.0681,-21.8001],[-42.0702,-21.7968],[-42.0763,-21.8007],[-42.0895,-21.8016],[-42.0926,-21.8127],[-42.1032,-21.8098],[-42.1137,-21.8246],[-42.1192,-21.8266],[-42.1205,-21.8232],[-42.1249,-21.8242],[-42.126,-21.8295],[-42.1166,-21.8368],[-42.1206,-21.8499],[-42.1236,-21.8453],[-42.1316,-21.8433],[-42.1325,-21.8393],[-42.1369,-21.8371],[-42.1391,-21.8393],[-42.145,-21.8425],[-42.1387,-21.8553],[-42.1425,-21.8586],[-42.1444,-21.8563],[-42.1462,-21.8601],[-42.1667,-21.8589],[-42.1818,-21.8304],[-42.1924,-21.8104],[-42.2025,-21.7912],[-42.2237,-21.7354],[-42.2273,-21.7254],[-42.2373,-21.6976],[-42.2121,-21.69],[-42.1961,-21.6838],[-42.1889,-21.6844],[-42.1872,-21.69],[-42.1765,-21.6896],[-42.1586,-21.6922],[-42.1571,-21.6927],[-42.1494,-21.6924],[-42.1334,-21.7038],[-42.118,-21.6965],[-42.1132,-21.6865],[-42.0961,-21.6715],[-42.0842,-21.6631],[-42.0802,-21.6608],[-42.0723,-21.6562],[-42.0419,-21.6339],[-42.0409,-21.6329],[-42.0263,-21.6297],[-42.0181,-21.632],[-42.0099,-21.6395],[-41.9943,-21.6338],[-41.9925,-21.6326],[-41.9831,-21.6274],[-41.9783,-21.625],[-41.9377,-21.5967],[-41.9377,-21.6276]]]}},{"type":"Feature","properties":{"id":"3302205","name":"Itaperuna"},"geometry":{"type":"Polygon","coordinates":[[[-42.0798,-21.0301],[-42.0508,-21.0387],[-42.038,-21.0674],[-42.0391,-21.0741],[-42.0247,-21.0731],[-42.024,-21.073],[-42.0158,-21.0813],[-42.0235,-21.0932],[-42.0236,-21.1007],[-42.0288,-21.1023],[-42.0357,-21.1136],[-42.0289,-21.1279],[-42.0268,-21.133],[-42.0209,-21.1344],[-42.0148,-21.1333],[-42.0159,-21.1261],[-42.0094,-21.122],[-41.9986,-21.1246],[-41.9768,-21.1205],[-41.9742,-21.1325],[-41.9642,-21.1336],[-41.945,-21.1505],[-41.9298,-21.1561],[-41.9244,-21.1503],[-41.9256,-21.1456],[-41.9203,-21.1364],[-41.9132,-21.1355],[-41.9187,-21.1304],[-41.9165,-21.1289],[-41.9158,-21.1296],[-41.9048,-21.1367],[-41.8981,-21.1339],[-41.894,-21.117],[-41.8764,-21.1154],[-41.8723,-21.1007],[-41.863,-21.0992],[-41.8457,-21.0893],[-41.839,-21.0805],[-41.8361,-21.0864],[-41.8298,-21.0888],[-41.8245,-21.1003],[-41.8163,-21.103],[-41.816,-21.106],[-41.8165,-21.1064],[-41.8231,-21.1099],[-41.8296,-21.1211],[-41.8186,-21.1223],[-41.8106,-21.119],[-41.7989,-21.1153],[-41.7992,-21.1308],[-41.8042,-21.1368],[-41.8038,-21.1431],[-41.7953,-21.1429],[-41.7648,-21.1515],[-41.7651,-21.1683],[-41.7626,-21.1768],[-41.742,-21.1687],[-41.7281,-21.1683],[-41.728,-21.175],[-41.7189,-21.1807],[-41.7194,-21.1894],[-41.7307,-21.2038],[-41.7202,-21.2034],[-41.7272,-21.2208],[-41.719,-21.2238],[-41.7053,-21.2184],[-41.7046,-21.2216],[-41.6995,-21.2371],[-41.6886,-21.2434],[-41.682,-21.2568],[-41.6737,-21.2495],[-41.6568,-21.2448],[-41.648,-21.2452],[-41.6409,-21.244],[-41.6357,-21.2477],[-41.6298,-21.2544],[-41.6383,-21.2599],[-41.6282,-21.2634],[-41.6275,-21.2634],[-41.6205,-21.2677],[-41.6201,-21.2739],[-41.6064,-21.2789],[-41.6071,-21.2858],[-41.6024,-21.2943],[-41.5864,-21.303],[-41.5883,-21.3112],[-41.5875,-21.3118],[-41.5843,-21.3158],[-41.5841,-21.3164],[-41.5896,-21.3249],[-41.6124,-21.333],[-41.6165,-21.3393],[-41.6256,-21.3404],[-41.6216,-21.3577],[-41.6298,-21.3554],[-41.6336,-21.3489],[-41.636,-21.353],[-41.6471,-21.3456],[-41.6502,-21.3479],[-41.6469,-21.3558],[-41.651,-21.3578],[-41.6683,-21.3446],[-41.679,-21.3481],[-41.6826,-21.3549],[-41.6919,-21.3558],[-41.7012,-21.3639],[-41.7034,-21.3712],[-41.7091,-21.3681],[-41.7194,-21.3667],[-41.7208,-21.3663],[-41.7316,-21.3715],[-41.7382,-21.3795],[-41.7613,-21.3895],[-41.7687,-21.3985],[-41.7777,-21.4012],[-41.7803,-21.3929],[-41.7778,-21.3872],[-41.7986,-21.3531],[-41.7989,-21.3527],[-41.8149,-21.3264],[-41.8337,-21.2956],[-41.8386,-21.2875],[-41.8537,-21.3002],[-41.8691,-21.3042],[-41.873,-21.299],[-41.8832,-21.2988],[-41.885,-21.2946],[-41.8996,-21.3021],[-41.905,-21.2977],[-41.9173,-21.2952],[-41.9318,-21.3111],[-41.9403,-21.3079],[-41.9502,-21.3107],[-41.9506,-21.3109],[-41.9557,-21.3135],[-41.9617,-21.3103],[-41.9862,-21.3126],[-41.9877,-21.3212],[-41.9936,-21.3212],[-41.9996,-21.3276],[-42.022,-21.3284],[-42.0336,-21.3427],[-42.0458,-21.348],[-42.0498,-21.3536],[-42.0654,-21.3545],[-42.0695,-21.3519],[-42.075,-21.3548],[-42.0964,-21.3477],[-42.0928,-21.3442],[-42.0882,-21.3365],[-42.0849,-21.3367],[-42.0834,-21.324],[-42.0761,-21.3245],[-42.0742,-21.3152],[-42.0788,-21.3112],[-42.0882,-21.3067],[-42.0787,-21.2989],[-42.0759,-21.2794],[-42.0799,-21.2738],[-42.0697,-21.2654],[-42.0611,-21.2665],[-42.055,-21.2528],[-42.0497,-21.2548],[-42.0417,-21.2514],[-42.0294,-21.2445],[-42.0293,-21.2412],[-42.0352,-21.2378],[-42.0543,-21.2335],[-42.053,-21.2253],[-42.0442,-21.2215],[-42.0437,-21.218],[-42.0507,-21.2133],[-42.0486,-21.1958],[-42.0555,-21.1964],[-42.0472,-21.1798],[-42.0607,-21.1795],[-42.0724,-21.1787],[-42.0805,-21.1772],[-42.0868,-21.1941],[-42.0974,-21.186],[-42.1025,-21.1841],[-42.1051,-21.1983],[-42.1106,-21.2019],[-42.1109,-21.2061],[-42.1057,-21.2091],[-42.1077,-21.2125],[-42.1125,-21.2139],[-42.1225,-21.2047],[-42.1246,-21.2029],[-42.1262,-21.1991],[-42.1257,-21.1978],[-42.1201,-21.1982],[-42.1203,-21.1947],[-42.1334,-21.1798],[-42.1285,-21.1738],[-42.13,-21.1695],[-42.1233,-21.1714],[-42.1217,-21.1677],[-42.1493,-21.1602],[-42.1654,-21.1741],[-42.163,-21.167],[-42.1665,-21.1652],[-42.1654,-21.1606],[-42.1598,-21.1595],[-42.1621,-21.1579],[-42.1702,-21.1596],[-42.175,-21.1777],[-42.1857,-21.1744],[-42.191,-21.1643],[-42.1873,-21.1613],[-42.1924,-21.1579],[-42.1955,-21.1596],[-42.1917,-21.1481],[-42.179,-21.1405],[-42.1752,-21.1317],[-42.1702,-21.1282],[-42.1703,-21.1141],[-42.164,-21.101],[-42.1397,-21.1026],[-42.1356,-21.0939],[-42.1328,-21.0806],[-42.1208,-21.0776],[-42.1185,-21.0748],[-42.1199,-21.0695],[-42.1009,-21.0493],[-42.1007,-21.034],[-42.0933,-21.0368],[-42.0801,-21.0356],[-42.0798,-21.0301]]]}},{"type":"Feature","properties":{"id":"3302254","name":"Itatiaia"},"geometry":{"type":"Polygon","coordinates":[[[-44.5874,-22.3215],[-44.5806,-22.3273],[-44.5712,-22.3237],[-44.5695,-22.3268],[-44.5639,-22.3319],[-44.5613,-22.33],[-44.5543,-22.3296],[-44.5454,-22.3232],[-44.543,-22.3314],[-44.5417,-22.3341],[-44.5487,-22.3399],[-44.5492,-22.3562],[-44.5556,-22.3644],[-44.5654,-22.3644],[-44.5759,-22.357],[-44.6004,-22.372],[-44.6009,-22.3724],[-44.6137,-22.3865],[-44.6029,-22.3922],[-44.5994,-22.3977],[-44.5931,-22.3973],[-44.5716,-22.4051],[-44.5688,-22.4061],[-44.5501,-22.4129],[-44.535,-22.4184],[-44.5055,-22.429],[-44.5051,-22.4292],[-44.4855,-22.4369],[-44.486,-22.4424],[-44.4795,-22.4488],[-44.4794,-22.4491],[-44.4792,-22.4576],[-44.4814,-22.4588],[-44.4889,-22.4618],[-44.489,-22.4623],[-44.488,-22.4645],[-44.4851,-22.4667],[-44.5101,-22.4715],[-44.5138,-22.4741],[-44.5146,-22.4846],[-44.5294,-22.4859],[-44.5356,-22.4941],[-44.5504,-22.4968],[-44.5693,-22.5102],[-44.5761,-22.5174],[-44.5767,-22.5257],[-44.5658,-22.5284],[-44.5643,-22.533],[-44.5817,-22.5444],[-44.586,-22.5596],[-44.5971,-22.5655],[-44.6145,-22.5562],[-44.6263,-22.535],[-44.6275,-22.5171],[-44.6186,-22.5083],[-44.6159,-22.493],[-44.633,-22.4506],[-44.6356,-22.4437],[-44.6603,-22.38],[-44.6584,-22.3743],[-44.6458,-22.3647],[-44.6425,-22.3533],[-44.6279,-22.3455],[-44.6257,-22.3356],[-44.6168,-22.3313],[-44.6149,-22.3297],[-44.6119,-22.3277],[-44.5886,-22.3199],[-44.5872,-22.3211],[-44.5874,-22.3215]]]}},{"type":"Feature","properties":{"id":"3302270","name":"Japeri"},"geometry":{"type":"Polygon","coordinates":[[[-43.5588,-22.6358],[-43.5529,-22.6458],[-43.554,-22.65],[-43.5473,-22.6547],[-43.5341,-22.654],[-43.5436,-22.6684],[-43.5503,-22.6698],[-43.5558,-22.6766],[-43.5561,-22.6781],[-43.5566,-22.6885],[-43.5849,-22.6917],[-43.5969,-22.6845],[-43.6035,-22.6915],[-43.6098,-22.6914],[-43.614,-22.6986],[-43.6287,-22.7214],[-43.6384,-22.7195],[-43.6377,-22.7136],[-43.6512,-22.6822],[-43.6497,-22.6772],[-43.648,-22.6741],[-43.645,-22.6702],[-43.6363,-22.669],[-43.6345,-22.6581],[-43.6403,-22.6508],[-43.6501,-22.6519],[-43.6571,-22.6588],[-43.6645,-22.6568],[-43.6697,-22.6524],[-43.6694,-22.6442],[-43.6637,-22.6213],[-43.6529,-22.6148],[-43.6243,-22.6399],[-43.6221,-22.6419],[-43.6214,-22.6408],[-43.5922,-22.6192],[-43.5814,-22.6166],[-43.5688,-22.6086],[-43.5681,-22.6233],[-43.573,-22.6311],[-43.5588,-22.6358]]]}},{"type":"Feature","properties":{"id":"3302304","name":"Laje do Muriaé"},"geometry":{"type":"Polygon","coordinates":[[[-42.1857,-21.1744],[-42.175,-21.1777],[-42.1702,-21.1596],[-42.1621,-21.1579],[-42.1598,-21.1595],[-42.1654,-21.1606],[-42.1665,-21.1652],[-42.163,-21.167],[-42.1654,-21.1741],[-42.1493,-21.1602],[-42.1217,-21.1677],[-42.1233,-21.1714],[-42.13,-21.1695],[-42.1285,-21.1738],[-42.1334,-21.1798],[-42.1203,-21.1947],[-42.1201,-21.1982],[-42.1257,-21.1978],[-42.1262,-21.1991],[-42.1246,-21.2029],[-42.1225,-21.2047],[-42.1125,-21.2139],[-42.1077,-21.2125],[-42.1057,-21.2091],[-42.1109,-21.2061],[-42.1106,-21.2019],[-42.1051,-21.1983],[-42.1025,-21.1841],[-42.0974,-21.186],[-42.0868,-21.1941],[-42.0805,-21.1772],[-42.0724,-21.1787],[-42.0607,-21.1795],[-42.0472,-21.1798],[-42.0555,-21.1964],[-42.0486,-21.1958],[-42.0507,-21.2133],[-42.0437,-21.218],[-42.0442,-21.2215],[-42.053,-21.2253],[-42.0543,-21.2335],[-42.0352,-21.2378],[-42.0293,-21.2412],[-42.0294,-21.2445],[-42.0417,-21.2514],[-42.0497,-21.2548],[-42.055,-21.2528],[-42.0611,-21.2665],[-42.0697,-21.2654],[-42.0799,-21.2738],[-42.0759,-21.2794],[-42.0787,-21.2989],[-42.0882,-21.3067],[-42.0788,-21.3112],[-42.0742,-21.3152],[-42.0761,-21.3245],[-42.0834,-21.324],[-42.0849,-21.3367],[-42.0882,-21.3365],[-42.0928,-21.3442],[-42.0998,-21.3374],[-42.1141,-21.3361],[-42.1252,-21.3239],[-42.1255,-21.3193],[-42.1313,-21.3171],[-42.1303,-21.3081],[-42.1354,-21.3097],[-42.1387,-21.3119],[-42.1424,-21.3055],[-42.1465,-21.3058],[-42.1622,-21.3177],[-42.1729,-21.3134],[-42.19,-21.3135],[-42.1979,-21.3156],[-42.2036,-21.3245],[-42.2215,-21.3333],[-42.2237,-21.3375],[-42.2285,-21.3283],[-42.2363,-21.3247],[-42.2378,-21.3182],[-42.2294,-21.308],[-42.229,-21.2847],[-42.224,-21.2762],[-42.2121,-21.2716],[-42.21,-21.2663],[-42.193,-21.2529],[-42.1893,-21.2494],[-42.1948,-21.2381],[-42.1884,-21.2296],[-42.1912,-21.2233],[-42.1969,-21.2259],[-42.2025,-21.2212],[-42.2011,-21.2081],[-42.1947,-21.2013],[-42.2059,-21.1857],[-42.2081,-21.1777],[-42.2031,-21.1742],[-42.1937,-21.1636],[-42.1955,-21.1596],[-42.1924,-21.1579],[-42.1873,-21.1613],[-42.191,-21.1643],[-42.1857,-21.1744]]]}},{"type":"Feature","properties":{"id":"3302403","name":"Macaé"},"geometry":{"type":"Polygon","coordinates":[[[-41.6983,-22.4101],[-41.6949,-22.4167],[-41.7022,-22.4163],[-41.7054,-22.4104],[-41.7054,-22.4072],[-41.6971,-22.4029],[-41.6936,-22.4073],[-41.6983,-22.4101]],[[-41.6857,-22.3966],[-41.6868,-22.4018],[-41.6916,-22.4003],[-41.6919,-22.3971],[-41.6857,-22.3966]],[[-41.9713,-22.1313],[-41.9727,-22.1564],[-41.9528,-22.1514],[-41.9413,-22.1583],[-41.9342,-22.1644],[-41.9205,-22.1613],[-41.9192,-22.1705],[-41.9136,-22.1689],[-41.9079,-22.1744],[-41.9112,-22.1845],[-41.9006,-22.1869],[-41.904,-22.1984],[-41.9177,-22.2154],[-41.9186,-22.2243],[-41.9149,-22.23],[-41.9025,-22.2308],[-41.8997,-22.2378],[-41.9062,-22.2428],[-41.8942,-22.2481],[-41.8923,-22.2563],[-41.8857,-22.2585],[-41.8863,-22.2684],[-41.8781,-22.2744],[-41.8634,-22.2737],[-41.8588,-22.2667],[-41.8517,-22.243],[-41.8498,-22.2341],[-41.8396,-22.199],[-41.8193,-22.1858],[-41.8238,-22.1448],[-41.7714,-22.1789],[-41.7714,-22.179],[-41.705,-22.2574],[-41.708,-22.2657],[-41.705,-22.2761],[-41.7,-22.2805],[-41.6954,-22.286],[-41.6886,-22.2996],[-41.6949,-22.3035],[-41.7405,-22.3402],[-41.7533,-22.3458],[-41.7667,-22.3549],[-41.7734,-22.364],[-41.7744,-22.3736],[-41.7666,-22.3768],[-41.7707,-22.3839],[-41.7675,-22.3884],[-41.7874,-22.3981],[-41.7901,-22.3996],[-41.8174,-22.4163],[-41.8254,-22.409],[-41.8473,-22.4103],[-41.854,-22.4079],[-41.8607,-22.4178],[-41.8663,-22.4203],[-41.8717,-22.4185],[-41.8734,-22.4176],[-41.8765,-22.4186],[-41.8931,-22.412],[-41.9068,-22.3994],[-41.941,-22.3921],[-41.9373,-22.3774],[-41.9424,-22.3787],[-41.9454,-22.3922],[-41.9509,-22.3928],[-41.953,-22.3881],[-41.965,-22.3874],[-41.9896,-22.3976],[-42.001,-22.3983],[-42.0077,-22.3954],[-42.0085,-22.395],[-42.018,-22.3909],[-42.0242,-22.3886],[-42.0466,-22.4033],[-42.0645,-22.4225],[-42.0635,-22.4337],[-42.0689,-22.4353],[-42.0724,-22.4316],[-42.0765,-22.4308],[-42.0884,-22.4388],[-42.106,-22.4357],[-42.0989,-22.4178],[-42.0994,-22.4048],[-42.1172,-22.4019],[-42.1244,-22.4055],[-42.1266,-22.4123],[-42.1379,-22.4127],[-42.1412,-22.4244],[-42.1457,-22.4272],[-42.1527,-22.4212],[-42.1617,-22.4233],[-42.1617,-22.4275],[-42.1716,-22.4213],[-42.1792,-22.4281],[-42.1885,-22.4327],[-42.2035,-22.4281],[-42.2073,-22.4204],[-42.2051,-22.4135],[-42.2191,-22.4056],[-42.2106,-22.3953],[-42.2141,-22.3911],[-42.2074,-22.3871],[-42.2106,-22.3807],[-42.2158,-22.3823],[-42.2155,-22.3739],[-42.2051,-22.3701],[-42.206,-22.368],[-42.2083,-22.3614],[-42.2165,-22.3415],[-42.2616,-22.3208],[-42.2656,-22.3155],[-42.2525,-22.31],[-42.2507,-22.3063],[-42.2478,-22.2934],[-42.2389,-22.2858],[-42.2336,-22.2881],[-42.2271,-22.2742],[-42.2112,-22.2603],[-42.2038,-22.2543],[-42.1941,-22.2453],[-42.1829,-22.2429],[-42.1782,-22.2327],[-42.1679,-22.224],[-42.1627,-22.2213],[-42.1587,-22.2147],[-42.147,-22.2097],[-42.1283,-22.2136],[-42.1137,-22.2063],[-42.1076,-22.2088],[-42.0967,-22.2016],[-42.0925,-22.2006],[-42.0962,-22.1923],[-42.0931,-22.1885],[-42.097,-22.1834],[-42.0893,-22.1721],[-42.0756,-22.1633],[-42.0398,-22.1607],[-42.0268,-22.157],[-42.0241,-22.152],[-42.0197,-22.1467],[-42.006,-22.1421],[-41.9781,-22.1246],[-41.9713,-22.1313]]]}},{"type":"Feature","properties":{"id":"3302452","name":"Macuco"},"geometry":{"type":"Polygon","coordinates":[[[-42.2999,-21.9743],[-42.2919,-21.9813],[-42.2886,-21.9794],[-42.2783,-21.9882],[-42.2717,-21.9845],[-42.2616,-21.9876],[-42.2574,-21.9898],[-42.2497,-21.9768],[-42.2495,-21.9768],[-42.2431,-21.9727],[-42.2423,-21.9732],[-42.2299,-21.9753],[-42.2262,-21.9882],[-42.2205,-21.9959],[-42.2239,-22.0062],[-42.219,-22.0092],[-42.2241,-22.0133],[-42.2331,-22.0289],[-42.2396,-22.024],[-42.2506,-22.0284],[-42.2401,-22.0338],[-42.249,-22.044],[-42.26,-22.046],[-42.2609,-22.0627],[-42.2692,-22.0695],[-42.2653,-22.0816],[-42.2686,-22.0894],[-42.2778,-22.0914],[-42.2828,-22.0869],[-42.2984,-22.0825],[-42.3117,-22.0692],[-42.311,-22.057],[-42.3011,-22.0494],[-42.2964,-22.0405],[-42.2977,-22.0298],[-42.3043,-22.0281],[-42.3112,-22.0308],[-42.3164,-22.0018],[-42.3178,-21.9973],[-42.3135,-21.9968],[-42.308,-21.9809],[-42.301,-21.9875],[-42.2999,-21.9743]]]}},{"type":"Feature","properties":{"id":"3302502","name":"Magé"},"geometry":{"type":"Polygon","coordinates":[[[-43.0615,-22.4847],[-43.0551,-22.4884],[-43.0469,-22.4875],[-43.0278,-22.4987],[-43.0284,-22.5135],[-43.0219,-22.5145],[-43.0228,-22.5223],[-43.019,-22.5255],[-43.016,-22.5521],[-43.0159,-22.557],[-43.0157,-22.5624],[-43.0154,-22.57],[-43.0128,-22.637],[-43.0216,-22.651],[-43.0224,-22.664],[-43.0279,-22.6652],[-43.0322,-22.674],[-43.0356,-22.6787],[-43.0408,-22.6784],[-43.0437,-22.685],[-43.0502,-22.689],[-43.0545,-22.6815],[-43.0564,-22.6848],[-43.0652,-22.6864],[-43.0855,-22.6771],[-43.0922,-22.685],[-43.1041,-22.687],[-43.1077,-22.6871],[-43.1063,-22.6942],[-43.1089,-22.6925],[-43.1136,-22.6883],[-43.1117,-22.6935],[-43.1162,-22.696],[-43.1168,-22.7062],[-43.127,-22.7138],[-43.1338,-22.7142],[-43.1417,-22.7075],[-43.1518,-22.7071],[-43.164,-22.7102],[-43.166,-22.714],[-43.1813,-22.7202],[-43.2151,-22.727],[-43.2207,-22.724],[-43.2241,-22.7148],[-43.218,-22.7069],[-43.2143,-22.7071],[-43.2155,-22.7006],[-43.2179,-22.6873],[-43.2189,-22.6803],[-43.2245,-22.6748],[-43.2195,-22.6606],[-43.2111,-22.6423],[-43.195,-22.6289],[-43.1944,-22.6223],[-43.202,-22.6083],[-43.2052,-22.6021],[-43.2238,-22.5653],[-43.2249,-22.5632],[-43.196,-22.5614],[-43.1493,-22.5385],[-43.1222,-22.5301],[-43.1074,-22.533],[-43.0711,-22.504],[-43.0708,-22.4982],[-43.0773,-22.4909],[-43.08,-22.4896],[-43.0778,-22.4866],[-43.0619,-22.4832],[-43.0615,-22.4847]]]}},{"type":"Feature","properties":{"id":"3302601","name":"Mangaratiba"},"geometry":{"type":"Polygon","coordinates":[[[-44.1359,-23.0427],[-44.1361,-23.0432],[-44.1372,-23.0435],[-44.1375,-23.0432],[-44.1381,-23.0431],[-44.1385,-23.0434],[-44.1389,-23.043],[-44.1388,-23.0425],[-44.1386,-23.042],[-44.1379,-23.0412],[-44.1361,-23.04],[-44.1358,-23.0404],[-44.1361,-23.0418],[-44.1359,-23.0427]],[[-44.1233,-23.0399],[-44.1294,-23.0418],[-44.1306,-23.0381],[-44.1293,-23.0353],[-44.1233,-23.0399]],[[-44.158,-23.0401],[-44.1611,-23.0405],[-44.1595,-23.0359],[-44.158,-23.0401]],[[-43.8642,-23.0441],[-43.8587,-23.0717],[-43.9556,-23.0876],[-43.9868,-23.1019],[-44.0068,-23.0948],[-44.0079,-23.0815],[-44.0121,-23.0778],[-44.0066,-23.0708],[-43.9995,-23.0722],[-43.9929,-23.0672],[-43.9908,-23.0567],[-43.9841,-23.0589],[-43.9739,-23.0451],[-43.9547,-23.0396],[-43.9487,-23.0485],[-43.9315,-23.0568],[-43.9188,-23.0575],[-43.8988,-23.0676],[-43.8848,-23.0671],[-43.8769,-23.0579],[-43.8802,-23.0419],[-43.9073,-23.026],[-43.9117,-23.0198],[-43.9008,-23.0289],[-43.8642,-23.0441]],[[-43.9527,-23.0221],[-43.9507,-23.0249],[-43.9537,-23.0241],[-43.9527,-23.0221]],[[-43.9437,-23.0196],[-43.9437,-23.0233],[-43.9472,-23.023],[-43.9437,-23.0196]],[[-44.1089,-23.0232],[-44.1098,-23.0238],[-44.1103,-23.0238],[-44.1106,-23.0234],[-44.1103,-23.0225],[-44.11,-23.0221],[-44.1095,-23.0218],[-44.109,-23.022],[-44.1087,-23.0223],[-44.1087,-23.0228],[-44.1089,-23.0232]],[[-43.9492,-23.0057],[-43.9521,-23.0094],[-43.9547,-23.0062],[-43.9492,-23.0057]],[[-43.9532,-23.0032],[-43.9535,-23.0035],[-43.9539,-23.003],[-43.9543,-23.0021],[-43.9541,-23.0017],[-43.9536,-23.0015],[-43.9533,-23.0011],[-43.9532,-23.0006],[-43.9527,-23.0002],[-43.9522,-23.0003],[-43.9519,-23.0008],[-43.9523,-23.0011],[-43.9526,-23.0016],[-43.9529,-23.0028],[-43.9532,-23.0032]],[[-43.9079,-22.9887],[-43.91,-22.9943],[-43.9121,-22.9929],[-43.9079,-22.9887]],[[-44.0344,-22.9959],[-44.0295,-23.0069],[-44.0376,-23.0109],[-44.0426,-23.0057],[-44.0471,-23.0107],[-44.0522,-23.0047],[-44.0493,-23.0007],[-44.0344,-22.9959]],[[-43.9255,-23.0],[-43.934,-23.0148],[-43.937,-23.0041],[-43.9368,-22.9978],[-43.9314,-22.9954],[-43.9284,-22.9889],[-43.9179,-22.9877],[-43.9169,-22.9933],[-43.9255,-23.0]],[[-43.9205,-22.9872],[-43.9224,-22.9874],[-43.9231,-22.9873],[-43.9236,-22.987],[-43.9235,-22.9865],[-43.9233,-22.986],[-43.9221,-22.9846],[-43.9215,-22.9843],[-43.9193,-22.9839],[-43.9186,-22.9844],[-43.9184,-22.9852],[-43.9188,-22.986],[-43.9205,-22.9872]],[[-43.9076,-22.9794],[-43.91,-22.9831],[-43.9141,-22.9828],[-43.9136,-22.979],[-43.9076,-22.9794]],[[-44.0415,-22.9859],[-44.0401,-22.9888],[-44.0442,-22.9878],[-44.0415,-22.9859]],[[-43.9503,-22.9591],[-43.9489,-22.9593],[-43.9476,-22.9591],[-43.9471,-22.9595],[-43.947,-22.9604],[-43.947,-22.961],[-43.95,-22.9604],[-43.9512,-22.9604],[-43.9515,-22.9601],[-43.9514,-22.9596],[-43.9503,-22.9591]],[[-43.9662,-22.9443],[-43.9671,-22.9455],[-43.9675,-22.9454],[-43.9675,-22.9447],[-43.9672,-22.9443],[-43.967,-22.9439],[-43.9676,-22.9435],[-43.9676,-22.9427],[-43.9662,-22.9426],[-43.9659,-22.9432],[-43.9662,-22.9443]],[[-43.9622,-22.9442],[-43.9632,-22.9446],[-43.9637,-22.9446],[-43.9641,-22.9442],[-43.9637,-22.9433],[-43.9634,-22.943],[-43.9619,-22.9423],[-43.9618,-22.9435],[-43.9622,-22.9442]],[[-43.9146,-22.9388],[-43.9148,-22.9401],[-43.9151,-22.9409],[-43.9161,-22.9422],[-43.9181,-22.9432],[-43.9197,-22.9443],[-43.9204,-22.9445],[-43.9205,-22.9436],[-43.9201,-22.9416],[-43.9193,-22.9411],[-43.9188,-22.9404],[-43.9177,-22.9398],[-43.916,-22.9397],[-43.9151,-22.939],[-43.9146,-22.9388]],[[-43.8843,-22.9271],[-43.884,-22.9405],[-43.8838,-22.9462],[-43.8838,-22.9475],[-43.8964,-22.9579],[-43.9049,-22.9582],[-43.9095,-22.9554],[-43.9054,-22.9471],[-43.9123,-22.9419],[-43.9117,-22.9342],[-43.9013,-22.9297],[-43.8934,-22.9332],[-43.892,-22.9279],[-43.8863,-22.9305],[-43.8843,-22.9271]],[[-44.1127,-22.8597],[-44.0875,-22.883],[-44.0793,-22.8786],[-44.0508,-22.8774],[-44.0404,-22.8821],[-44.019,-22.871],[-44.0044,-22.8589],[-44.0028,-22.8597],[-43.997,-22.8665],[-43.9948,-22.868],[-43.9797,-22.8645],[-43.967,-22.8847],[-43.9382,-22.8867],[-43.9381,-22.8873],[-43.9379,-22.8879],[-43.936,-22.8923],[-43.924,-22.8936],[-43.9121,-22.8845],[-43.9048,-22.8857],[-43.8929,-22.8813],[-43.8852,-22.8849],[-43.8846,-22.8956],[-43.8843,-22.9216],[-43.8931,-22.9217],[-43.91,-22.9302],[-43.9304,-22.929],[-43.9408,-22.93],[-43.9506,-22.9266],[-43.9645,-22.9345],[-43.9768,-22.9312],[-43.989,-22.9354],[-43.9945,-22.9408],[-44.0001,-22.9421],[-44.003,-22.9382],[-44.012,-22.9498],[-44.0224,-22.956],[-44.0218,-22.9628],[-44.0301,-22.964],[-44.0341,-22.9812],[-44.0468,-22.984],[-44.0555,-22.9805],[-44.0413,-22.9621],[-44.0447,-22.9561],[-44.0391,-22.95],[-44.046,-22.9384],[-44.0624,-22.9486],[-44.0746,-22.9516],[-44.0808,-22.9586],[-44.0809,-22.9562],[-44.0833,-22.9592],[-44.0752,-22.9728],[-44.0813,-22.991],[-44.0962,-22.9963],[-44.0954,-23.004],[-44.1047,-23.0151],[-44.1297,-23.032],[-44.1471,-23.0346],[-44.1523,-23.0403],[-44.1566,-23.0329],[-44.1662,-23.0325],[-44.1652,-23.0164],[-44.1628,-23.0085],[-44.174,-22.9862],[-44.1886,-22.9511],[-44.1872,-22.9392],[-44.1931,-22.9279],[-44.1818,-22.9257],[-44.1761,-22.9298],[-44.1735,-22.9176],[-44.1695,-22.9109],[-44.1629,-22.9002],[-44.1606,-22.9031],[-44.1557,-22.9019],[-44.142,-22.882],[-44.1271,-22.8758],[-44.1176,-22.8609],[-44.1127,-22.8597]]]}},{"type":"Feature","properties":{"id":"3302700","name":"Maricá"},"geometry":{"type":"Polygon","coordinates":[[[-42.7316,-22.8412],[-42.7152,-22.8535],[-42.7017,-22.8493],[-42.6989,-22.8557],[-42.6698,-22.8566],[-42.6608,-22.8586],[-42.6716,-22.8701],[-42.6788,-22.8784],[-42.6767,-22.8975],[-42.6758,-22.9038],[-42.6804,-22.9095],[-42.6701,-22.9103],[-42.6556,-22.9038],[-42.642,-22.9098],[-42.6359,-22.9371],[-42.6784,-22.9455],[-42.684,-22.9496],[-42.6853,-22.9588],[-42.6919,-22.962],[-42.6981,-22.9573],[-42.7139,-22.9557],[-42.8128,-22.9612],[-42.8541,-22.964],[-42.876,-22.9662],[-42.918,-22.9745],[-42.9941,-22.9692],[-43.0115,-22.9714],[-43.0138,-22.9764],[-43.0233,-22.9708],[-43.0219,-22.9604],[-42.9996,-22.9421],[-42.9919,-22.9394],[-42.9745,-22.918],[-42.9551,-22.908],[-42.9543,-22.9005],[-42.9541,-22.8916],[-42.9227,-22.8816],[-42.9021,-22.8777],[-42.8855,-22.8671],[-42.8738,-22.8697],[-42.8656,-22.8722],[-42.8641,-22.8721],[-42.8618,-22.8705],[-42.8588,-22.8691],[-42.8463,-22.8724],[-42.837,-22.8705],[-42.8339,-22.8691],[-42.8254,-22.8587],[-42.8181,-22.8591],[-42.7966,-22.8496],[-42.7655,-22.8432],[-42.7562,-22.8501],[-42.749,-22.8502],[-42.7332,-22.8407],[-42.7316,-22.8412]]]}},{"type":"Feature","properties":{"id":"3302809","name":"Mendes"},"geometry":{"type":"Polygon","coordinates":[[[-43.6975,-22.5415],[-43.7126,-22.5499],[-43.7137,-22.5613],[-43.7294,-22.5639],[-43.766,-22.5941],[-43.7712,-22.5954],[-43.7718,-22.6063],[-43.7753,-22.5971],[-43.7714,-22.5902],[-43.7778,-22.5812],[-43.7765,-22.5666],[-43.7822,-22.564],[-43.7884,-22.5498],[-43.7897,-22.5518],[-43.7936,-22.5486],[-43.7974,-22.5514],[-43.793,-22.5384],[-43.7917,-22.5344],[-43.7779,-22.5315],[-43.7696,-22.5172],[-43.7657,-22.4586],[-43.7546,-22.4595],[-43.749,-22.4627],[-43.7515,-22.4659],[-43.7473,-22.4727],[-43.7409,-22.482],[-43.7168,-22.4957],[-43.6975,-22.5415]]]}},{"type":"Feature","properties":{"id":"3302858","name":"Mesquita"},"geometry":{"type":"Polygon","coordinates":[[[-43.3962,-22.7769],[-43.4106,-22.7917],[-43.4371,-22.8084],[-43.4481,-22.8247],[-43.4696,-22.8404],[-43.4848,-22.8301],[-43.49,-22.8155],[-43.4943,-22.8162],[-43.4918,-22.8023],[-43.4775,-22.7995],[-43.4758,-22.7883],[-43.471,-22.7874],[-43.4682,-22.7822],[-43.463,-22.7838],[-43.4329,-22.7663],[-43.4229,-22.7643],[-43.4191,-22.768],[-43.4112,-22.7677],[-43.3962,-22.7769]]]}},{"type":"Feature","properties":{"id":"3302908","name":"Miguel Pereira"},"geometry":{"type":"Polygon","coordinates":[[[-43.4492,-22.4396],[-43.4394,-22.4451],[-43.4422,-22.4489],[-43.4379,-22.4563],[-43.4352,-22.4601],[-43.4408,-22.4672],[-43.4381,-22.4711],[-43.4299,-22.4753],[-43.4288,-22.4717],[-43.4211,-22.4689],[-43.4076,-22.4697],[-43.3965,-22.4645],[-43.395,-22.4637],[-43.3829,-22.4601],[-43.3703,-22.4514],[-43.3653,-22.4529],[-43.351,-22.4484],[-43.3496,-22.4512],[-43.342,-22.4513],[-43.3218,-22.458],[-43.3126,-22.4547],[-43.3058,-22.4568],[-43.2982,-22.4517],[-43.2884,-22.46],[-43.2912,-22.4644],[-43.2973,-22.4642],[-43.3,-22.471],[-43.303,-22.4742],[-43.2963,-22.4753],[-43.3001,-22.4831],[-43.3318,-22.512],[-43.3315,-22.5187],[-43.3559,-22.5217],[-43.367,-22.5263],[-43.3745,-22.5201],[-43.3783,-22.5226],[-43.3842,-22.53],[-43.4038,-22.5345],[-43.4188,-22.5377],[-43.4469,-22.5267],[-43.4648,-22.5378],[-43.4681,-22.5438],[-43.4725,-22.5397],[-43.4853,-22.549],[-43.4917,-22.5499],[-43.5097,-22.5707],[-43.5137,-22.572],[-43.5213,-22.5668],[-43.5326,-22.5655],[-43.5359,-22.5698],[-43.5425,-22.565],[-43.5446,-22.5707],[-43.5497,-22.5725],[-43.5577,-22.5668],[-43.5587,-22.5763],[-43.5629,-22.5791],[-43.5646,-22.5763],[-43.5832,-22.5806],[-43.5883,-22.5921],[-43.594,-22.5951],[-43.6226,-22.6183],[-43.6221,-22.6419],[-43.6243,-22.6399],[-43.6529,-22.6148],[-43.6115,-22.5827],[-43.5979,-22.5685],[-43.5975,-22.564],[-43.585,-22.5438],[-43.5725,-22.5235],[-43.5605,-22.5041],[-43.5574,-22.5153],[-43.5544,-22.5256],[-43.5437,-22.4713],[-43.5396,-22.451],[-43.5304,-22.4424],[-43.5173,-22.4462],[-43.5046,-22.4341],[-43.508,-22.426],[-43.4921,-22.4186],[-43.4912,-22.4192],[-43.4734,-22.4279],[-43.4492,-22.4396]]]}},{"type":"Feature","properties":{"id":"3303005","name":"Miracema"},"geometry":{"type":"Polygon","coordinates":[[[-42.1424,-21.3055],[-42.1387,-21.3119],[-42.1354,-21.3097],[-42.1303,-21.3081],[-42.1313,-21.3171],[-42.1255,-21.3193],[-42.1252,-21.3239],[-42.1141,-21.3361],[-42.0998,-21.3374],[-42.0928,-21.3442],[-42.0964,-21.3477],[-42.075,-21.3548],[-42.0695,-21.3519],[-42.0654,-21.3545],[-42.0498,-21.3536],[-42.0458,-21.348],[-42.0336,-21.3427],[-42.0377,-21.3574],[-42.0389,-21.3656],[-42.028,-21.3759],[-42.0314,-21.3839],[-42.0298,-21.3898],[-42.0369,-21.3956],[-42.0575,-21.4329],[-42.0795,-21.4495],[-42.083,-21.4469],[-42.0937,-21.4535],[-42.0993,-21.4506],[-42.1064,-21.4525],[-42.1229,-21.4739],[-42.1346,-21.4701],[-42.1356,-21.4704],[-42.1361,-21.4705],[-42.1369,-21.4707],[-42.1373,-21.4706],[-42.1966,-21.4687],[-42.2018,-21.4687],[-42.2313,-21.4523],[-42.237,-21.4491],[-42.2751,-21.4279],[-42.2787,-21.4101],[-42.2743,-21.4035],[-42.267,-21.3996],[-42.2604,-21.4096],[-42.239,-21.403],[-42.2375,-21.3925],[-42.2497,-21.3897],[-42.252,-21.386],[-42.2406,-21.3774],[-42.2414,-21.3727],[-42.2295,-21.3661],[-42.2322,-21.3537],[-42.229,-21.3507],[-42.2358,-21.3433],[-42.2237,-21.3375],[-42.2215,-21.3333],[-42.2036,-21.3245],[-42.1979,-21.3156],[-42.19,-21.3135],[-42.1729,-21.3134],[-42.1622,-21.3177],[-42.1465,-21.3058],[-42.1424,-21.3055]]]}},{"type":"Feature","properties":{"id":"3303104","name":"Natividade"},"geometry":{"type":"Polygon","coordinates":[[[-41.9127,-20.9404],[-41.9182,-20.9463],[-41.9156,-20.9536],[-41.9062,-20.9651],[-41.8971,-20.965],[-41.8946,-20.9694],[-41.8925,-20.9719],[-41.8678,-20.9727],[-41.8615,-20.9691],[-41.8548,-20.9495],[-41.8367,-20.9562],[-41.8275,-20.9505],[-41.8196,-20.9554],[-41.8172,-20.9628],[-41.8107,-20.9615],[-41.8167,-20.9737],[-41.8008,-20.9862],[-41.8204,-21.0249],[-41.8243,-21.0306],[-41.8354,-21.0448],[-41.8378,-21.0541],[-41.8526,-21.0563],[-41.8479,-21.0577],[-41.8474,-21.0717],[-41.8404,-21.0688],[-41.8422,-21.0726],[-41.8386,-21.0745],[-41.839,-21.0805],[-41.8457,-21.0893],[-41.863,-21.0992],[-41.8723,-21.1007],[-41.8764,-21.1154],[-41.894,-21.117],[-41.8981,-21.1339],[-41.9048,-21.1367],[-41.9158,-21.1296],[-41.9165,-21.1289],[-41.9187,-21.1304],[-41.9132,-21.1355],[-41.9203,-21.1364],[-41.9256,-21.1456],[-41.9244,-21.1503],[-41.9298,-21.1561],[-41.945,-21.1505],[-41.9642,-21.1336],[-41.9742,-21.1325],[-41.9768,-21.1205],[-41.9986,-21.1246],[-42.0094,-21.122],[-42.0159,-21.1261],[-42.0148,-21.1333],[-42.0209,-21.1344],[-42.0268,-21.133],[-42.0289,-21.1279],[-42.0357,-21.1136],[-42.0288,-21.1023],[-42.0236,-21.1007],[-42.0235,-21.0932],[-42.0158,-21.0813],[-42.024,-21.073],[-42.0247,-21.0731],[-42.0391,-21.0741],[-42.038,-21.0674],[-42.0508,-21.0387],[-42.0798,-21.0301],[-42.084,-21.0283],[-42.0845,-21.0224],[-42.0663,-21.0254],[-42.0597,-21.0213],[-42.0505,-21.0228],[-42.0463,-21.0194],[-42.0198,-21.0138],[-42.0136,-21.0151],[-42.0114,-21.0126],[-42.0038,-21.0096],[-42.0023,-21.0128],[-42.0,-20.9958],[-42.0041,-20.9923],[-42.0,-20.9841],[-42.0027,-20.9823],[-42.0026,-20.9764],[-42.0,-20.9763],[-42.002,-20.9672],[-41.9805,-20.9566],[-41.9793,-20.9593],[-41.9555,-20.9596],[-41.9519,-20.9596],[-41.9486,-20.9388],[-41.9431,-20.9381],[-41.938,-20.9462],[-41.9326,-20.9438],[-41.9262,-20.9327],[-41.911,-20.9288],[-41.9127,-20.9404]]]}},{"type":"Feature","properties":{"id":"3303203","name":"Nilópolis"},"geometry":{"type":"Polygon","coordinates":[[[-43.4253,-22.8339],[-43.4576,-22.8488],[-43.4635,-22.845],[-43.4696,-22.8404],[-43.4481,-22.8247],[-43.4371,-22.8084],[-43.4106,-22.7917],[-43.4018,-22.8017],[-43.3993,-22.8046],[-43.3913,-22.8138],[-43.4145,-22.8206],[-43.4253,-22.8339]]]}},{"type":"Feature","properties":{"id":"3303302","name":"Niterói"},"geometry":{"type":"Polygon","coordinates":[[[-43.0293,-22.8762],[-43.008,-22.8916],[-42.9903,-22.8881],[-42.9867,-22.8934],[-42.9859,-22.9111],[-42.9802,-22.9166],[-42.9745,-22.9063],[-42.9543,-22.9005],[-42.9551,-22.908],[-42.9745,-22.918],[-42.9919,-22.9394],[-42.9996,-22.9421],[-43.0219,-22.9604],[-43.0233,-22.9708],[-43.0138,-22.9764],[-43.0233,-22.9752],[-43.0243,-22.9801],[-43.0277,-22.9807],[-43.0307,-22.9761],[-43.0394,-22.9745],[-43.0517,-22.9824],[-43.0516,-22.9776],[-43.0459,-22.9725],[-43.0536,-22.9629],[-43.0823,-22.9553],[-43.1107,-22.9537],[-43.1138,-22.9519],[-43.1135,-22.9465],[-43.1199,-22.9457],[-43.1171,-22.938],[-43.1353,-22.9387],[-43.1263,-22.9349],[-43.124,-22.923],[-43.1202,-22.9234],[-43.116,-22.9311],[-43.1126,-22.9294],[-43.1141,-22.9326],[-43.1082,-22.9376],[-43.1021,-22.9356],[-43.095,-22.9258],[-43.0965,-22.9148],[-43.1108,-22.9161],[-43.1166,-22.9051],[-43.1242,-22.9059],[-43.131,-22.9115],[-43.1369,-22.9029],[-43.1246,-22.8949],[-43.1261,-22.8852],[-43.1337,-22.8851],[-43.1333,-22.88],[-43.13,-22.8768],[-43.1224,-22.8777],[-43.1204,-22.8826],[-43.1149,-22.8809],[-43.1117,-22.8679],[-43.103,-22.8571],[-43.0994,-22.8588],[-43.0509,-22.8739],[-43.0293,-22.8762]]]}},{"type":"Feature","properties":{"id":"3303401","name":"Nova Friburgo"},"geometry":{"type":"Polygon","coordinates":[[[-42.5252,-22.1604],[-42.4857,-22.1935],[-42.4857,-22.1936],[-42.4852,-22.2003],[-42.4803,-22.2036],[-42.472,-22.212],[-42.4754,-22.2235],[-42.4751,-22.2251],[-42.4533,-22.2394],[-42.4532,-22.2395],[-42.4082,-22.2693],[-42.4051,-22.2714],[-42.3896,-22.2817],[-42.3771,-22.29],[-42.3718,-22.2936],[-42.3582,-22.3026],[-42.3515,-22.3008],[-42.3458,-22.3057],[-42.3357,-22.2999],[-42.3155,-22.2975],[-42.2875,-22.2927],[-42.2788,-22.2939],[-42.2736,-22.3021],[-42.2686,-22.3021],[-42.2654,-22.307],[-42.2558,-22.3036],[-42.2507,-22.3063],[-42.2525,-22.31],[-42.2656,-22.3155],[-42.2616,-22.3208],[-42.2165,-22.3415],[-42.2083,-22.3614],[-42.206,-22.368],[-42.2113,-22.3612],[-42.2175,-22.3594],[-42.2184,-22.3548],[-42.2256,-22.352],[-42.2228,-22.3582],[-42.2402,-22.361],[-42.2515,-22.367],[-42.258,-22.366],[-42.2596,-22.371],[-42.2764,-22.3787],[-42.29,-22.3906],[-42.2787,-22.4015],[-42.3153,-22.4244],[-42.3246,-22.4208],[-42.3254,-22.4257],[-42.3333,-22.4253],[-42.3353,-22.4289],[-42.3437,-22.424],[-42.3547,-22.4289],[-42.3661,-22.4194],[-42.3712,-22.4249],[-42.3896,-22.4211],[-42.4041,-22.4286],[-42.4095,-22.4277],[-42.4229,-22.4277],[-42.4335,-22.4316],[-42.4452,-22.4334],[-42.4526,-22.4344],[-42.4571,-22.4427],[-42.4665,-22.4472],[-42.4782,-22.4478],[-42.4827,-22.4416],[-42.4958,-22.4353],[-42.5093,-22.4361],[-42.5116,-22.4335],[-42.5361,-22.4557],[-42.5432,-22.4574],[-42.5519,-22.4548],[-42.5502,-22.4523],[-42.5569,-22.4502],[-42.5631,-22.4461],[-42.5713,-22.4487],[-42.5719,-22.4426],[-42.5761,-22.4407],[-42.5585,-22.4241],[-42.5548,-22.411],[-42.5593,-22.4115],[-42.5578,-22.4053],[-42.5511,-22.3862],[-42.5578,-22.3768],[-42.5541,-22.3728],[-42.5647,-22.3599],[-42.5848,-22.355],[-42.5959,-22.3682],[-42.6099,-22.374],[-42.6165,-22.3847],[-42.6341,-22.3922],[-42.6515,-22.3951],[-42.6565,-22.3922],[-42.6553,-22.3871],[-42.6624,-22.3853],[-42.684,-22.3925],[-42.6958,-22.3876],[-42.6972,-22.3793],[-42.7114,-22.3774],[-42.7114,-22.373],[-42.7105,-22.3617],[-42.717,-22.3568],[-42.7271,-22.3551],[-42.7229,-22.3502],[-42.7278,-22.3353],[-42.7236,-22.3349],[-42.7195,-22.3312],[-42.7179,-22.3278],[-42.7262,-22.3155],[-42.7202,-22.3062],[-42.7161,-22.2956],[-42.7117,-22.2932],[-42.7108,-22.2873],[-42.7179,-22.2766],[-42.714,-22.267],[-42.7117,-22.2664],[-42.7038,-22.2585],[-42.6897,-22.2528],[-42.6743,-22.2401],[-42.6709,-22.2234],[-42.6593,-22.2178],[-42.6585,-22.2088],[-42.6523,-22.2134],[-42.6444,-22.2117],[-42.6432,-22.2083],[-42.647,-22.2055],[-42.6386,-22.2012],[-42.643,-22.1957],[-42.6415,-22.1909],[-42.6407,-22.187],[-42.6314,-22.1856],[-42.6127,-22.1961],[-42.6061,-22.1931],[-42.6028,-22.1893],[-42.5918,-22.1785],[-42.5816,-22.177],[-42.5765,-22.1786],[-42.5717,-22.1752],[-42.5656,-22.1781],[-42.5642,-22.172],[-42.5554,-22.1716],[-42.5573,-22.1634],[-42.5528,-22.1593],[-42.5449,-22.1553],[-42.5291,-22.1568],[-42.5252,-22.1604]]]}},{"type":"Feature","properties":{"id":"3303500","name":"Nova Iguaçu"},"geometry":{"type":"Polygon","coordinates":[[[-43.4469,-22.5267],[-43.4188,-22.5377],[-43.4038,-22.5345],[-43.404,-22.5416],[-43.4091,-22.5449],[-43.392,-22.5557],[-43.3879,-22.5717],[-43.4031,-22.5874],[-43.4146,-22.593],[-43.4148,-22.6006],[-43.4104,-22.611],[-43.4012,-22.6106],[-43.3826,-22.6217],[-43.3825,-22.6307],[-43.392,-22.6415],[-43.4012,-22.6561],[-43.395,-22.6638],[-43.3749,-22.672],[-43.3655,-22.6795],[-43.3651,-22.6844],[-43.3651,-22.685],[-43.3699,-22.6932],[-43.3815,-22.6883],[-43.3841,-22.6913],[-43.3864,-22.6894],[-43.4071,-22.6938],[-43.4104,-22.6995],[-43.4228,-22.7037],[-43.4304,-22.7031],[-43.4281,-22.7162],[-43.4344,-22.722],[-43.4301,-22.7325],[-43.4225,-22.75],[-43.4142,-22.7544],[-43.416,-22.7643],[-43.4112,-22.7677],[-43.4191,-22.768],[-43.4229,-22.7643],[-43.4329,-22.7663],[-43.463,-22.7838],[-43.4682,-22.7822],[-43.471,-22.7874],[-43.4758,-22.7883],[-43.4775,-22.7995],[-43.4918,-22.8023],[-43.4943,-22.8162],[-43.5159,-22.8204],[-43.5352,-22.8242],[-43.5668,-22.8306],[-43.5759,-22.8324],[-43.5878,-22.8381],[-43.5931,-22.8599],[-43.5968,-22.8573],[-43.6244,-22.8622],[-43.6439,-22.8558],[-43.6623,-22.8641],[-43.6741,-22.8642],[-43.674,-22.8641],[-43.6713,-22.8526],[-43.6544,-22.8479],[-43.6242,-22.8262],[-43.6228,-22.82],[-43.6289,-22.811],[-43.6271,-22.8063],[-43.6346,-22.7825],[-43.623,-22.7821],[-43.6223,-22.7744],[-43.6268,-22.7717],[-43.6167,-22.7629],[-43.6127,-22.7476],[-43.6016,-22.747],[-43.5974,-22.7527],[-43.5819,-22.7539],[-43.569,-22.7524],[-43.5594,-22.7576],[-43.5416,-22.7538],[-43.5348,-22.7511],[-43.5345,-22.7478],[-43.532,-22.7382],[-43.5423,-22.7354],[-43.5379,-22.7171],[-43.5416,-22.7147],[-43.5346,-22.7073],[-43.5357,-22.703],[-43.5211,-22.694],[-43.5139,-22.6938],[-43.5134,-22.6902],[-43.5339,-22.6881],[-43.5417,-22.6796],[-43.5561,-22.6781],[-43.5558,-22.6766],[-43.5503,-22.6698],[-43.5436,-22.6684],[-43.5341,-22.654],[-43.5473,-22.6547],[-43.554,-22.65],[-43.5529,-22.6458],[-43.5588,-22.6358],[-43.573,-22.6311],[-43.5681,-22.6233],[-43.5688,-22.6086],[-43.5814,-22.6166],[-43.5922,-22.6192],[-43.6214,-22.6408],[-43.6221,-22.6419],[-43.6226,-22.6183],[-43.594,-22.5951],[-43.5883,-22.5921],[-43.5832,-22.5806],[-43.5646,-22.5763],[-43.5629,-22.5791],[-43.5587,-22.5763],[-43.5577,-22.5668],[-43.5497,-22.5725],[-43.5446,-22.5707],[-43.5425,-22.565],[-43.5359,-22.5698],[-43.5326,-22.5655],[-43.5213,-22.5668],[-43.5137,-22.572],[-43.5097,-22.5707],[-43.4917,-22.5499],[-43.4853,-22.549],[-43.4725,-22.5397],[-43.4681,-22.5438],[-43.4648,-22.5378],[-43.4469,-22.5267]]]}},{"type":"Feature","properties":{"id":"3303609","name":"Paracambi"},"geometry":{"type":"Polygon","coordinates":[[[-43.5979,-22.5685],[-43.6115,-22.5827],[-43.6529,-22.6148],[-43.6637,-22.6213],[-43.6694,-22.6442],[-43.6697,-22.6524],[-43.6779,-22.6469],[-43.6912,-22.6497],[-43.7088,-22.6394],[-43.7125,-22.641],[-43.7126,-22.6411],[-43.7108,-22.6469],[-43.7477,-22.6845],[-43.7534,-22.6992],[-43.7593,-22.7025],[-43.7654,-22.7014],[-43.7717,-22.6926],[-43.7833,-22.6956],[-43.7849,-22.6928],[-43.785,-22.6927],[-43.7851,-22.6921],[-43.8042,-22.6907],[-43.81,-22.6874],[-43.8152,-22.6865],[-43.8143,-22.6814],[-43.8197,-22.679],[-43.8174,-22.6737],[-43.8167,-22.6672],[-43.8248,-22.6574],[-43.8344,-22.6554],[-43.8394,-22.6481],[-43.8208,-22.638],[-43.7995,-22.6255],[-43.7935,-22.6141],[-43.7786,-22.6112],[-43.7718,-22.6063],[-43.7712,-22.5954],[-43.766,-22.5941],[-43.7294,-22.5639],[-43.7137,-22.5613],[-43.7134,-22.5615],[-43.705,-22.5639],[-43.6895,-22.5512],[-43.6827,-22.5554],[-43.6817,-22.5576],[-43.6898,-22.5672],[-43.6903,-22.5741],[-43.693,-22.5768],[-43.6716,-22.5863],[-43.6586,-22.5809],[-43.634,-22.5706],[-43.6348,-22.5567],[-43.6231,-22.5422],[-43.6247,-22.5295],[-43.6222,-22.5256],[-43.5975,-22.564],[-43.5979,-22.5685]]]}},{"type":"Feature","properties":{"id":"3303708","name":"Paraíba do Sul"},"geometry":{"type":"Polygon","coordinates":[[[-43.3462,-22.0174],[-43.3457,-22.054],[-43.3401,-22.0498],[-43.3165,-22.0644],[-43.2979,-22.0635],[-43.2922,-22.0684],[-43.2826,-22.0666],[-43.281,-22.0729],[-43.2741,-22.0746],[-43.2682,-22.0719],[-43.2619,-22.0595],[-43.255,-22.0561],[-43.2591,-22.1025],[-43.2502,-22.1297],[-43.2497,-22.1309],[-43.2453,-22.1375],[-43.2415,-22.1409],[-43.2376,-22.1443],[-43.2007,-22.1775],[-43.1978,-22.2005],[-43.1676,-22.1869],[-43.1634,-22.1924],[-43.1593,-22.1927],[-43.1601,-22.2029],[-43.162,-22.2107],[-43.1669,-22.2141],[-43.1635,-22.2237],[-43.1726,-22.2428],[-43.177,-22.2643],[-43.1747,-22.2694],[-43.1811,-22.2922],[-43.1826,-22.296],[-43.1773,-22.2979],[-43.1811,-22.3006],[-43.1843,-22.3011],[-43.2008,-22.3032],[-43.207,-22.2988],[-43.2119,-22.3004],[-43.2163,-22.3048],[-43.2235,-22.3044],[-43.2277,-22.3098],[-43.2357,-22.3113],[-43.2416,-22.303],[-43.2488,-22.3124],[-43.2534,-22.3136],[-43.2635,-22.3209],[-43.2617,-22.3269],[-43.2623,-22.3322],[-43.2688,-22.3346],[-43.2687,-22.3398],[-43.274,-22.346],[-43.2829,-22.3636],[-43.296,-22.3443],[-43.3225,-22.3053],[-43.3226,-22.3052],[-43.3294,-22.2951],[-43.3488,-22.2746],[-43.3631,-22.2589],[-43.3635,-22.2585],[-43.3966,-22.2228],[-43.4027,-22.2159],[-43.4043,-22.2081],[-43.4084,-22.1896],[-43.4258,-22.1095],[-43.4271,-22.1034],[-43.4366,-22.0595],[-43.4278,-22.0542],[-43.4189,-22.0533],[-43.3877,-22.0318],[-43.3682,-22.02],[-43.3655,-22.0111],[-43.3517,-22.0083],[-43.3491,-22.0029],[-43.3464,-22.0031],[-43.3462,-22.0174]]]}},{"type":"Feature","properties":{"id":"3303807","name":"Paraty"},"geometry":{"type":"Polygon","coordinates":[[[-44.7185,-23.3585],[-44.7191,-23.359],[-44.7197,-23.3589],[-44.7202,-23.3581],[-44.7192,-23.3582],[-44.7185,-23.3585]],[[-44.672,-23.357],[-44.6725,-23.3571],[-44.673,-23.3568],[-44.6731,-23.3563],[-44.6729,-23.3558],[-44.6726,-23.3554],[-44.6722,-23.3551],[-44.6714,-23.3549],[-44.671,-23.3552],[-44.6712,-23.3557],[-44.6718,-23.3565],[-44.672,-23.357]],[[-44.5687,-23.348],[-44.5682,-23.3483],[-44.5671,-23.3479],[-44.5667,-23.3483],[-44.5668,-23.3493],[-44.5671,-23.3497],[-44.5675,-23.3507],[-44.5677,-23.3511],[-44.5682,-23.3515],[-44.5695,-23.3523],[-44.5702,-23.3531],[-44.5707,-23.353],[-44.571,-23.3526],[-44.5699,-23.3508],[-44.5697,-23.3498],[-44.5697,-23.3488],[-44.5695,-23.3484],[-44.5692,-23.348],[-44.5687,-23.348]],[[-44.5706,-23.2677],[-44.571,-23.2678],[-44.5713,-23.2672],[-44.5708,-23.2662],[-44.5703,-23.2655],[-44.5686,-23.2647],[-44.5678,-23.2644],[-44.5673,-23.2645],[-44.5679,-23.2652],[-44.5685,-23.2656],[-44.57,-23.2673],[-44.5706,-23.2677]],[[-44.6685,-23.2399],[-44.6702,-23.2403],[-44.6708,-23.2403],[-44.6711,-23.2399],[-44.6711,-23.2394],[-44.6709,-23.2389],[-44.6703,-23.2387],[-44.6697,-23.2387],[-44.6681,-23.2388],[-44.6679,-23.2392],[-44.668,-23.2397],[-44.6685,-23.2399]],[[-44.6336,-23.2254],[-44.6491,-23.2308],[-44.6464,-23.2268],[-44.6336,-23.2254]],[[-44.5562,-23.224],[-44.5567,-23.2241],[-44.5572,-23.2239],[-44.5574,-23.2235],[-44.5571,-23.2224],[-44.5565,-23.2212],[-44.5561,-23.2208],[-44.5544,-23.2206],[-44.554,-23.2202],[-44.5537,-23.2206],[-44.5537,-23.2211],[-44.5539,-23.2216],[-44.5548,-23.2221],[-44.5555,-23.2232],[-44.5562,-23.224]],[[-44.582,-23.2105],[-44.5817,-23.211],[-44.5821,-23.2114],[-44.583,-23.212],[-44.5835,-23.2122],[-44.584,-23.2123],[-44.5845,-23.2119],[-44.5847,-23.2115],[-44.5845,-23.2109],[-44.584,-23.2108],[-44.5835,-23.2109],[-44.582,-23.2105]],[[-44.6894,-23.2144],[-44.6908,-23.2181],[-44.693,-23.2162],[-44.6894,-23.2144]],[[-44.5936,-23.2021],[-44.5873,-23.2068],[-44.5842,-23.2046],[-44.586,-23.2096],[-44.5996,-23.217],[-44.6023,-23.2226],[-44.6183,-23.2243],[-44.62,-23.2218],[-44.6045,-23.2153],[-44.5936,-23.2021]],[[-44.5805,-23.1985],[-44.579,-23.2031],[-44.5838,-23.2006],[-44.5805,-23.1985]],[[-44.7087,-23.2049],[-44.7092,-23.2052],[-44.7096,-23.2049],[-44.7101,-23.2048],[-44.7102,-23.2043],[-44.7095,-23.204],[-44.709,-23.2041],[-44.7086,-23.2044],[-44.7087,-23.2049]],[[-44.5728,-23.189],[-44.5765,-23.1899],[-44.5731,-23.1835],[-44.5728,-23.189]],[[-44.6576,-23.1813],[-44.657,-23.188],[-44.6594,-23.1854],[-44.6576,-23.1813]],[[-44.6823,-23.1786],[-44.6838,-23.1792],[-44.6843,-23.179],[-44.6844,-23.1783],[-44.6839,-23.1774],[-44.6836,-23.1767],[-44.6821,-23.177],[-44.6819,-23.178],[-44.6823,-23.1786]],[[-44.6639,-23.1633],[-44.6645,-23.1634],[-44.6654,-23.1627],[-44.6658,-23.1611],[-44.6656,-23.1607],[-44.6647,-23.1603],[-44.6644,-23.1599],[-44.6642,-23.1593],[-44.6636,-23.1585],[-44.662,-23.159],[-44.6616,-23.1592],[-44.6616,-23.1597],[-44.6617,-23.1602],[-44.6621,-23.1607],[-44.6632,-23.1617],[-44.6637,-23.1629],[-44.6639,-23.1633]],[[-44.6815,-23.1571],[-44.6918,-23.1695],[-44.6941,-23.1612],[-44.6943,-23.156],[-44.684,-23.1512],[-44.6815,-23.1571]],[[-44.675,-23.1329],[-44.6755,-23.1331],[-44.676,-23.133],[-44.6764,-23.1326],[-44.6759,-23.132],[-44.6749,-23.1315],[-44.6746,-23.1319],[-44.6747,-23.1325],[-44.675,-23.1329]],[[-44.6856,-23.1308],[-44.6861,-23.1309],[-44.6871,-23.1307],[-44.6875,-23.1303],[-44.6877,-23.1299],[-44.6874,-23.1296],[-44.6863,-23.1291],[-44.6854,-23.1284],[-44.6849,-23.1282],[-44.6844,-23.1282],[-44.6841,-23.1287],[-44.6844,-23.1297],[-44.6847,-23.1301],[-44.6851,-23.1305],[-44.6856,-23.1308]],[[-44.678,-23.1266],[-44.6784,-23.1269],[-44.679,-23.127],[-44.6795,-23.1268],[-44.6798,-23.1263],[-44.6796,-23.1258],[-44.6777,-23.1243],[-44.6774,-23.1247],[-44.6773,-23.1258],[-44.6778,-23.1261],[-44.678,-23.1266]],[[-44.6759,-23.1107],[-44.6748,-23.1111],[-44.6743,-23.1109],[-44.6737,-23.1109],[-44.6734,-23.1112],[-44.6733,-23.1118],[-44.6736,-23.1127],[-44.674,-23.113],[-44.6751,-23.1137],[-44.6755,-23.1141],[-44.676,-23.1144],[-44.6772,-23.1145],[-44.6777,-23.1145],[-44.678,-23.1141],[-44.6779,-23.1135],[-44.6773,-23.1126],[-44.6773,-23.1113],[-44.6771,-23.1109],[-44.6765,-23.1107],[-44.6759,-23.1107]],[[-44.6797,-23.1081],[-44.6792,-23.1083],[-44.6787,-23.1091],[-44.6787,-23.1096],[-44.6791,-23.1099],[-44.6796,-23.1097],[-44.6806,-23.1093],[-44.6807,-23.1088],[-44.6807,-23.1082],[-44.6802,-23.1082],[-44.6797,-23.1081]],[[-44.688,-23.1095],[-44.6885,-23.1096],[-44.6887,-23.1092],[-44.6886,-23.1087],[-44.6877,-23.1076],[-44.6871,-23.1072],[-44.6868,-23.1069],[-44.6867,-23.1064],[-44.6862,-23.1062],[-44.6857,-23.1062],[-44.6854,-23.1066],[-44.6857,-23.107],[-44.6865,-23.1078],[-44.687,-23.1087],[-44.6875,-23.1092],[-44.688,-23.1095]],[[-44.6691,-23.0965],[-44.6694,-23.0973],[-44.6698,-23.0978],[-44.6707,-23.0984],[-44.6712,-23.0987],[-44.6724,-23.0989],[-44.6729,-23.0989],[-44.6734,-23.0981],[-44.673,-23.0979],[-44.6724,-23.0975],[-44.672,-23.0971],[-44.6715,-23.0968],[-44.6705,-23.0968],[-44.6699,-23.0966],[-44.6695,-23.0963],[-44.6691,-23.0965]],[[-44.5957,-23.0892],[-44.5961,-23.0896],[-44.5965,-23.0892],[-44.596,-23.0886],[-44.5957,-23.0877],[-44.5949,-23.0867],[-44.5949,-23.0862],[-44.5946,-23.0853],[-44.5935,-23.0863],[-44.5934,-23.0868],[-44.5937,-23.0877],[-44.5947,-23.0887],[-44.5957,-23.0892]],[[-44.6839,-23.0881],[-44.6841,-23.0886],[-44.6846,-23.0884],[-44.6846,-23.0879],[-44.6842,-23.0876],[-44.684,-23.0871],[-44.6836,-23.0869],[-44.6835,-23.0863],[-44.6825,-23.0867],[-44.6839,-23.0881]],[[-44.6018,-23.0678],[-44.6021,-23.0688],[-44.6026,-23.069],[-44.6033,-23.0683],[-44.6038,-23.0681],[-44.6042,-23.0683],[-44.6047,-23.0679],[-44.604,-23.0672],[-44.6034,-23.067],[-44.6029,-23.0669],[-44.6024,-23.067],[-44.6018,-23.0678]],[[-44.6308,-23.0678],[-44.6297,-23.0712],[-44.6328,-23.07],[-44.6308,-23.0678]],[[-44.5958,-23.0671],[-44.5963,-23.0672],[-44.5968,-23.067],[-44.5967,-23.0665],[-44.5962,-23.0657],[-44.5952,-23.0653],[-44.5947,-23.0661],[-44.5949,-23.0666],[-44.5958,-23.0671]],[[-44.6417,-23.0746],[-44.6445,-23.0751],[-44.645,-23.0718],[-44.6423,-23.0678],[-44.6356,-23.068],[-44.6417,-23.0746]],[[-44.6281,-23.0604],[-44.627,-23.0607],[-44.6264,-23.0606],[-44.6261,-23.061],[-44.6263,-23.0615],[-44.6268,-23.0619],[-44.6271,-23.0623],[-44.6273,-23.0628],[-44.6277,-23.063],[-44.6292,-23.0629],[-44.6297,-23.0626],[-44.6299,-23.0621],[-44.6287,-23.0605],[-44.6281,-23.0604]],[[-44.5574,-23.0633],[-44.5633,-23.0671],[-44.5644,-23.065],[-44.557,-23.0558],[-44.5523,-23.056],[-44.5574,-23.0633]],[[-44.6079,-23.0642],[-44.609,-23.0644],[-44.6092,-23.064],[-44.6089,-23.0634],[-44.6087,-23.0627],[-44.6088,-23.0616],[-44.6087,-23.061],[-44.6076,-23.0598],[-44.6039,-23.0581],[-44.6035,-23.0573],[-44.6025,-23.0568],[-44.6022,-23.0564],[-44.6016,-23.056],[-44.6011,-23.0559],[-44.6008,-23.0562],[-44.601,-23.0568],[-44.6015,-23.0574],[-44.602,-23.0578],[-44.6032,-23.0592],[-44.6036,-23.0594],[-44.6047,-23.0597],[-44.6051,-23.06],[-44.6055,-23.0604],[-44.6061,-23.0614],[-44.6068,-23.0622],[-44.6075,-23.0637],[-44.6079,-23.0642]],[[-44.6201,-23.0587],[-44.6205,-23.0588],[-44.6211,-23.0588],[-44.6216,-23.0591],[-44.622,-23.0594],[-44.6225,-23.0592],[-44.6229,-23.0589],[-44.6232,-23.0593],[-44.623,-23.0598],[-44.6234,-23.0601],[-44.6243,-23.0597],[-44.6245,-23.0592],[-44.6245,-23.0586],[-44.6244,-23.0582],[-44.624,-23.0573],[-44.6236,-23.0568],[-44.623,-23.0566],[-44.6212,-23.0569],[-44.6208,-23.0571],[-44.6204,-23.0575],[-44.6199,-23.0579],[-44.6198,-23.0583],[-44.6201,-23.0587]],[[-44.5595,-23.0526],[-44.5597,-23.0531],[-44.5602,-23.0534],[-44.5607,-23.0535],[-44.5619,-23.0532],[-44.5624,-23.0533],[-44.5632,-23.0529],[-44.5628,-23.0527],[-44.5622,-23.0519],[-44.5618,-23.0516],[-44.5606,-23.0513],[-44.5601,-23.0513],[-44.5597,-23.0516],[-44.5595,-23.0521],[-44.5595,-23.0526]],[[-44.5446,-23.0485],[-44.5455,-23.0497],[-44.546,-23.0496],[-44.5462,-23.0492],[-44.5456,-23.0477],[-44.5447,-23.0472],[-44.5442,-23.0471],[-44.5446,-23.0485]],[[-44.6295,-22.9171],[-44.6211,-22.9388],[-44.6099,-22.939],[-44.6052,-22.9431],[-44.5942,-22.9472],[-44.5763,-22.9469],[-44.5614,-22.9544],[-44.5571,-22.9625],[-44.5595,-22.9715],[-44.5547,-22.974],[-44.5498,-22.9723],[-44.5425,-22.986],[-44.5447,-22.9915],[-44.541,-22.9982],[-44.5452,-23.0059],[-44.5491,-23.0059],[-44.5485,-23.009],[-44.5438,-23.0083],[-44.5464,-23.0201],[-44.5371,-23.0243],[-44.5306,-23.0208],[-44.5191,-23.0273],[-44.5294,-23.0276],[-44.5503,-23.0375],[-44.5599,-23.0386],[-44.5681,-23.0471],[-44.5757,-23.048],[-44.5775,-23.054],[-44.5854,-23.0567],[-44.5834,-23.0581],[-44.5991,-23.0632],[-44.5905,-23.0524],[-44.5912,-23.0491],[-44.5962,-23.0454],[-44.6082,-23.0497],[-44.6113,-23.0481],[-44.614,-23.0515],[-44.6137,-23.0457],[-44.6176,-23.0434],[-44.638,-23.0525],[-44.6385,-23.0482],[-44.6452,-23.0466],[-44.6505,-23.0563],[-44.6564,-23.0519],[-44.6609,-23.0565],[-44.6678,-23.0536],[-44.6779,-23.0634],[-44.6761,-23.0706],[-44.6833,-23.071],[-44.6876,-23.0773],[-44.6848,-23.0794],[-44.691,-23.0835],[-44.6873,-23.0905],[-44.6927,-23.0932],[-44.6959,-23.1023],[-44.6983,-23.1215],[-44.6878,-23.1268],[-44.6918,-23.1312],[-44.6987,-23.1316],[-44.6988,-23.1354],[-44.6979,-23.1431],[-44.6928,-23.1462],[-44.6986,-23.1552],[-44.7051,-23.1559],[-44.7069,-23.1666],[-44.6985,-23.1687],[-44.6981,-23.1741],[-44.7101,-23.1766],[-44.7118,-23.1826],[-44.717,-23.1848],[-44.7146,-23.1873],[-44.7064,-23.1857],[-44.7146,-23.1899],[-44.7138,-23.1939],[-44.7179,-23.1936],[-44.7212,-23.2016],[-44.7137,-23.2114],[-44.7105,-23.2111],[-44.7078,-23.2198],[-44.7124,-23.2216],[-44.7091,-23.2255],[-44.7122,-23.2333],[-44.7051,-23.2336],[-44.7001,-23.2325],[-44.6947,-23.2319],[-44.6898,-23.2219],[-44.684,-23.2234],[-44.6758,-23.2184],[-44.673,-23.2146],[-44.6772,-23.2122],[-44.6711,-23.2106],[-44.6687,-23.2056],[-44.666,-23.2092],[-44.6634,-23.206],[-44.6586,-23.2071],[-44.651,-23.1877],[-44.6428,-23.1853],[-44.6437,-23.1957],[-44.6262,-23.1963],[-44.6263,-23.202],[-44.6162,-23.2034],[-44.6157,-23.2062],[-44.6224,-23.2074],[-44.6266,-23.2128],[-44.6241,-23.2211],[-44.628,-23.224],[-44.6328,-23.2222],[-44.6339,-23.2172],[-44.6406,-23.2188],[-44.6363,-23.2107],[-44.651,-23.2217],[-44.6527,-23.2172],[-44.6625,-23.2142],[-44.6588,-23.2218],[-44.6637,-23.2278],[-44.6573,-23.2239],[-44.6549,-23.2272],[-44.6664,-23.2349],[-44.6726,-23.2306],[-44.6783,-23.2382],[-44.6722,-23.2401],[-44.677,-23.2424],[-44.6814,-23.2397],[-44.6841,-23.2422],[-44.679,-23.2466],[-44.6923,-23.2528],[-44.6788,-23.2523],[-44.669,-23.2443],[-44.6691,-23.2492],[-44.6633,-23.2479],[-44.6583,-23.2392],[-44.6509,-23.2352],[-44.6377,-23.2352],[-44.6333,-23.2398],[-44.6293,-23.2389],[-44.6132,-23.2341],[-44.6242,-23.2446],[-44.6411,-23.2765],[-44.6569,-23.2926],[-44.6554,-23.2953],[-44.6393,-23.3008],[-44.6435,-23.2958],[-44.6455,-23.2904],[-44.6413,-23.2873],[-44.6377,-23.2899],[-44.6312,-23.283],[-44.6203,-23.2585],[-44.5966,-23.2439],[-44.5987,-23.2372],[-44.5963,-23.2347],[-44.5741,-23.2338],[-44.5599,-23.2271],[-44.5606,-23.2319],[-44.5758,-23.2447],[-44.5749,-23.2535],[-44.5838,-23.2664],[-44.5794,-23.2711],[-44.5753,-23.269],[-44.5591,-23.2737],[-44.551,-23.2713],[-44.5489,-23.2746],[-44.5368,-23.2674],[-44.5184,-23.2806],[-44.52,-23.2846],[-44.5149,-23.2862],[-44.5122,-23.2921],[-44.505,-23.2914],[-44.5024,-23.2964],[-44.5094,-23.3014],[-44.5134,-23.2925],[-44.5288,-23.2881],[-44.5353,-23.2928],[-44.5405,-23.3055],[-44.5424,-23.3028],[-44.5511,-23.308],[-44.5562,-23.3053],[-44.5655,-23.3237],[-44.5615,-23.3305],[-44.5851,-23.3594],[-44.5911,-23.3622],[-44.5991,-23.3594],[-44.6049,-23.3674],[-44.608,-23.3638],[-44.6066,-23.3492],[-44.6128,-23.3481],[-44.6177,-23.3515],[-44.6189,-23.3425],[-44.6237,-23.3408],[-44.6285,-23.3501],[-44.6338,-23.3527],[-44.6293,-23.3386],[-44.6404,-23.3327],[-44.6476,-23.335],[-44.652,-23.3423],[-44.6619,-23.3395],[-44.6596,-23.3479],[-44.6721,-23.3454],[-44.6757,-23.3356],[-44.6814,-23.34],[-44.6813,-23.3475],[-44.6866,-23.3523],[-44.6867,-23.348],[-44.7017,-23.3408],[-44.718,-23.3472],[-44.722,-23.3533],[-44.7192,-23.354],[-44.7212,-23.3576],[-44.7268,-23.3544],[-44.7312,-23.3593],[-44.7239,-23.3677],[-44.7374,-23.3627],[-44.7424,-23.358],[-44.7497,-23.358],[-44.7533,-23.3522],[-44.7597,-23.342],[-44.7779,-23.3385],[-44.7763,-23.3333],[-44.7816,-23.3259],[-44.7795,-23.3226],[-44.7801,-23.3153],[-44.7876,-23.3053],[-44.7863,-23.2995],[-44.797,-23.2939],[-44.8049,-23.2896],[-44.807,-23.2829],[-44.8263,-23.2915],[-44.8236,-23.2804],[-44.83,-23.2693],[-44.8397,-23.2633],[-44.8362,-23.2564],[-44.8431,-23.2553],[-44.8539,-23.2485],[-44.8746,-23.2487],[-44.8778,-23.2323],[-44.8848,-23.2325],[-44.8885,-23.224],[-44.881,-23.2155],[-44.8822,-23.2022],[-44.8759,-23.1974],[-44.875,-23.1919],[-44.8723,-23.1826],[-44.8603,-23.181],[-44.8529,-23.1763],[-44.8538,-23.1723],[-44.8458,-23.1726],[-44.8448,-23.1685],[-44.8398,-23.1665],[-44.8398,-23.1665],[-44.8253,-23.1626],[-44.8227,-23.1579],[-44.825,-23.1432],[-44.8164,-23.1403],[-44.8194,-23.1327],[-44.8107,-23.1252],[-44.8132,-23.1211],[-44.8108,-23.1146],[-44.8158,-23.1097],[-44.8086,-23.0992],[-44.8124,-23.098],[-44.8119,-23.0916],[-44.8183,-23.0896],[-44.8145,-23.0805],[-44.8114,-23.07],[-44.8136,-23.0671],[-44.8069,-23.0616],[-44.8111,-23.054],[-44.8088,-23.0517],[-44.8028,-23.0499],[-44.8012,-23.0309],[-44.7961,-23.0242],[-44.7967,-23.023],[-44.7967,-23.0229],[-44.7982,-23.0197],[-44.7927,-23.0098],[-44.8022,-22.9987],[-44.7929,-22.9932],[-44.7926,-22.9898],[-44.792,-22.9817],[-44.7867,-22.9823],[-44.7831,-22.9788],[-44.7753,-22.9782],[-44.7649,-22.9829],[-44.759,-22.9784],[-44.7549,-22.9798],[-44.7562,-22.9754],[-44.7489,-22.9697],[-44.752,-22.9622],[-44.7431,-22.947],[-44.7431,-22.947],[-44.7426,-22.9469],[-44.7205,-22.9354],[-44.7132,-22.9297],[-44.7029,-22.9357],[-44.6957,-22.9318],[-44.6878,-22.936],[-44.6735,-22.9178],[-44.6589,-22.9272],[-44.638,-22.9139],[-44.6295,-22.9171]]]}},{"type":"Feature","properties":{"id":"3303856","name":"Paty do Alferes"},"geometry":{"type":"Polygon","coordinates":[[[-43.3225,-22.3053],[-43.296,-22.3443],[-43.2829,-22.3636],[-43.289,-22.3635],[-43.3172,-22.383],[-43.319,-22.3907],[-43.3256,-22.3936],[-43.3278,-22.4021],[-43.334,-22.4041],[-43.3377,-22.4154],[-43.3416,-22.4164],[-43.3608,-22.4197],[-43.362,-22.4253],[-43.3734,-22.4346],[-43.3716,-22.4411],[-43.3769,-22.443],[-43.3711,-22.4464],[-43.3703,-22.4514],[-43.3829,-22.4601],[-43.395,-22.4637],[-43.3965,-22.4645],[-43.4076,-22.4697],[-43.4211,-22.4689],[-43.4288,-22.4717],[-43.4299,-22.4753],[-43.4381,-22.4711],[-43.4408,-22.4672],[-43.4352,-22.4601],[-43.4379,-22.4563],[-43.4422,-22.4489],[-43.4394,-22.4451],[-43.4492,-22.4396],[-43.4734,-22.4279],[-43.4912,-22.4192],[-43.4921,-22.4186],[-43.4926,-22.4173],[-43.5077,-22.4012],[-43.5009,-22.3891],[-43.4887,-22.3784],[-43.4879,-22.3731],[-43.4949,-22.3699],[-43.4981,-22.3641],[-43.4999,-22.3512],[-43.5035,-22.3478],[-43.5068,-22.3321],[-43.5129,-22.3337],[-43.5135,-22.3293],[-43.5136,-22.3291],[-43.5055,-22.3107],[-43.4703,-22.3026],[-43.4537,-22.2988],[-43.3987,-22.2861],[-43.3859,-22.2831],[-43.3488,-22.2746],[-43.3294,-22.2951],[-43.3226,-22.3052],[-43.3225,-22.3053]]]}},{"type":"Feature","properties":{"id":"3303906","name":"Petrópolis"},"geometry":{"type":"Polygon","coordinates":[[[-43.0231,-22.2105],[-43.0179,-22.2223],[-43.0082,-22.2188],[-42.9963,-22.2256],[-42.992,-22.2385],[-42.9795,-22.2489],[-42.9802,-22.2642],[-42.9804,-22.2642],[-42.9832,-22.263],[-42.9875,-22.2689],[-42.9894,-22.2779],[-42.9967,-22.2806],[-43.0053,-22.2871],[-43.0167,-22.2896],[-43.0128,-22.2983],[-43.0244,-22.3064],[-43.0391,-22.3114],[-43.0435,-22.3177],[-43.0449,-22.3196],[-43.0481,-22.3266],[-43.0337,-22.3282],[-43.0299,-22.3381],[-43.0251,-22.3389],[-43.0335,-22.3445],[-43.0278,-22.3453],[-43.0263,-22.3523],[-43.02,-22.3552],[-43.0245,-22.3593],[-43.0338,-22.3695],[-43.0291,-22.3773],[-43.0337,-22.3897],[-43.0274,-22.3925],[-43.0384,-22.4159],[-43.0315,-22.4197],[-43.035,-22.4231],[-43.0321,-22.4329],[-43.022,-22.4402],[-43.0238,-22.4419],[-43.0256,-22.4548],[-43.033,-22.4616],[-43.0404,-22.4554],[-43.042,-22.4593],[-43.0475,-22.4597],[-43.0553,-22.4676],[-43.0562,-22.48],[-43.0619,-22.4832],[-43.0778,-22.4866],[-43.08,-22.4896],[-43.0773,-22.4909],[-43.0708,-22.4982],[-43.0711,-22.504],[-43.1074,-22.533],[-43.1222,-22.5301],[-43.1493,-22.5385],[-43.196,-22.5614],[-43.2249,-22.5632],[-43.2496,-22.5729],[-43.2515,-22.5736],[-43.2547,-22.5737],[-43.2604,-22.5608],[-43.2582,-22.5557],[-43.2526,-22.5425],[-43.2461,-22.5264],[-43.2334,-22.5223],[-43.2263,-22.5285],[-43.2257,-22.5227],[-43.2213,-22.5208],[-43.2263,-22.5162],[-43.2326,-22.5188],[-43.238,-22.5099],[-43.2756,-22.4879],[-43.2963,-22.4753],[-43.303,-22.4742],[-43.3,-22.471],[-43.2973,-22.4642],[-43.2912,-22.4644],[-43.2884,-22.46],[-43.2982,-22.4517],[-43.3058,-22.4568],[-43.3126,-22.4547],[-43.3218,-22.458],[-43.342,-22.4513],[-43.3496,-22.4512],[-43.351,-22.4484],[-43.3653,-22.4529],[-43.3703,-22.4514],[-43.3711,-22.4464],[-43.3769,-22.443],[-43.3716,-22.4411],[-43.3734,-22.4346],[-43.362,-22.4253],[-43.3608,-22.4197],[-43.3416,-22.4164],[-43.3377,-22.4154],[-43.334,-22.4041],[-43.3278,-22.4021],[-43.3256,-22.3936],[-43.319,-22.3907],[-43.3172,-22.383],[-43.289,-22.3635],[-43.2829,-22.3636],[-43.274,-22.346],[-43.2687,-22.3398],[-43.2688,-22.3346],[-43.2623,-22.3322],[-43.2617,-22.3269],[-43.2635,-22.3209],[-43.2534,-22.3136],[-43.2488,-22.3124],[-43.2416,-22.303],[-43.2357,-22.3113],[-43.2277,-22.3098],[-43.2235,-22.3044],[-43.2163,-22.3048],[-43.2119,-22.3004],[-43.207,-22.2988],[-43.2008,-22.3032],[-43.1843,-22.3011],[-43.1811,-22.3006],[-43.1744,-22.3121],[-43.1709,-22.309],[-43.1597,-22.3107],[-43.1555,-22.3063],[-43.151,-22.3075],[-43.1459,-22.3041],[-43.1459,-22.2982],[-43.1372,-22.2943],[-43.1341,-22.2849],[-43.13,-22.2814],[-43.1282,-22.2769],[-43.1251,-22.2755],[-43.1102,-22.2833],[-43.1087,-22.2816],[-43.101,-22.264],[-43.0947,-22.2659],[-43.0901,-22.2611],[-43.0906,-22.2503],[-43.0936,-22.2417],[-43.089,-22.2367],[-43.0808,-22.2274],[-43.0642,-22.2178],[-43.0471,-22.2083],[-43.0289,-22.203],[-43.0263,-22.2055],[-43.0231,-22.2105]]]}},{"type":"Feature","properties":{"id":"3303955","name":"Pinheiral"},"geometry":{"type":"Polygon","coordinates":[[[-43.9985,-22.5136],[-43.9919,-22.5166],[-43.9803,-22.5151],[-43.9519,-22.5189],[-43.9432,-22.5148],[-43.9128,-22.5201],[-43.9149,-22.522],[-43.9561,-22.5625],[-43.9826,-22.5478],[-43.9923,-22.5609],[-43.9937,-22.571],[-43.994,-22.5715],[-43.9958,-22.5804],[-44.003,-22.5834],[-44.0108,-22.5852],[-44.0237,-22.5803],[-44.039,-22.5814],[-44.0678,-22.5917],[-44.0629,-22.5778],[-44.054,-22.5531],[-44.041,-22.5511],[-44.0376,-22.5401],[-44.0327,-22.5379],[-44.0353,-22.5308],[-44.0294,-22.5196],[-44.0277,-22.5068],[-44.0308,-22.5039],[-44.0303,-22.4967],[-44.0268,-22.4857],[-44.0206,-22.4838],[-44.0166,-22.486],[-44.0038,-22.4996],[-44.0029,-22.5087],[-43.9985,-22.5136]]]}},{"type":"Feature","properties":{"id":"3304003","name":"Piraí"},"geometry":{"type":"Polygon","coordinates":[[[-43.8397,-22.51],[-43.8241,-22.5166],[-43.8114,-22.5116],[-43.8047,-22.5209],[-43.8199,-22.5336],[-43.8168,-22.5357],[-43.8175,-22.5478],[-43.8121,-22.5479],[-43.8086,-22.5534],[-43.7974,-22.5514],[-43.7936,-22.5486],[-43.7897,-22.5518],[-43.7884,-22.5498],[-43.7822,-22.564],[-43.7765,-22.5666],[-43.7778,-22.5812],[-43.7714,-22.5902],[-43.7753,-22.5971],[-43.7718,-22.6063],[-43.7786,-22.6112],[-43.7935,-22.6141],[-43.7995,-22.6255],[-43.8208,-22.638],[-43.8394,-22.6481],[-43.8344,-22.6554],[-43.8248,-22.6574],[-43.8167,-22.6672],[-43.8174,-22.6737],[-43.8197,-22.679],[-43.8143,-22.6814],[-43.8152,-22.6865],[-43.81,-22.6874],[-43.8042,-22.6907],[-43.7851,-22.6921],[-43.8325,-22.7294],[-43.8322,-22.7406],[-43.836,-22.7454],[-43.8342,-22.7507],[-43.8392,-22.7545],[-43.8376,-22.7601],[-43.8285,-22.7674],[-43.8215,-22.7659],[-43.8125,-22.7712],[-43.8229,-22.7762],[-43.8228,-22.7826],[-43.8386,-22.7977],[-43.8695,-22.8073],[-43.8789,-22.8116],[-43.8839,-22.802],[-43.885,-22.7938],[-43.8913,-22.7893],[-43.8912,-22.7804],[-43.8955,-22.7769],[-43.8888,-22.7738],[-43.8914,-22.7656],[-43.8863,-22.7631],[-43.8895,-22.7588],[-43.8858,-22.7557],[-43.9052,-22.7527],[-43.9072,-22.7481],[-43.902,-22.7487],[-43.9033,-22.7441],[-43.8983,-22.7436],[-43.8983,-22.734],[-43.8904,-22.7346],[-43.8849,-22.7316],[-43.8847,-22.7277],[-43.8803,-22.7277],[-43.8796,-22.7136],[-43.8828,-22.7105],[-43.8818,-22.7012],[-43.8887,-22.7014],[-43.8931,-22.7083],[-43.8993,-22.7092],[-43.902,-22.7083],[-43.9122,-22.7132],[-43.9167,-22.7029],[-43.9227,-22.6989],[-43.9357,-22.7106],[-43.9455,-22.7079],[-43.9466,-22.7024],[-43.9422,-22.6952],[-43.9462,-22.692],[-43.954,-22.684],[-43.9576,-22.6849],[-43.961,-22.665],[-43.9605,-22.6631],[-43.971,-22.6618],[-43.9954,-22.6844],[-44.0053,-22.6861],[-44.0125,-22.6828],[-44.0205,-22.6752],[-44.0091,-22.649],[-44.0175,-22.6401],[-44.0238,-22.6434],[-44.0283,-22.6399],[-44.0481,-22.6394],[-44.0565,-22.6478],[-44.0705,-22.6549],[-44.0749,-22.6657],[-44.0741,-22.6689],[-44.0785,-22.6711],[-44.0755,-22.6807],[-44.0777,-22.682],[-44.0841,-22.6719],[-44.0848,-22.653],[-44.08,-22.6467],[-44.0884,-22.6482],[-44.0858,-22.6418],[-44.0721,-22.6036],[-44.0678,-22.5917],[-44.039,-22.5814],[-44.0237,-22.5803],[-44.0108,-22.5852],[-44.003,-22.5834],[-43.9958,-22.5804],[-43.994,-22.5715],[-43.9937,-22.571],[-43.9923,-22.5609],[-43.9826,-22.5478],[-43.9561,-22.5625],[-43.9149,-22.522],[-43.9128,-22.5201],[-43.9123,-22.5201],[-43.8651,-22.5286],[-43.8647,-22.5236],[-43.8538,-22.5162],[-43.8544,-22.5066],[-43.8444,-22.5032],[-43.8397,-22.51]]]}},{"type":"Feature","properties":{"id":"3304102","name":"Porciúncula"},"geometry":{"type":"Polygon","coordinates":[[[-41.8252,-20.7881],[-41.8281,-20.7961],[-41.8165,-20.8005],[-41.8067,-20.7972],[-41.8135,-20.8046],[-41.8008,-20.8051],[-41.7941,-20.7985],[-41.7818,-20.7978],[-41.775,-20.7994],[-41.7863,-20.8095],[-41.7994,-20.8151],[-41.809,-20.8285],[-41.8266,-20.8411],[-41.8519,-20.8558],[-41.8581,-20.8556],[-41.859,-20.8559],[-41.8619,-20.8635],[-41.8694,-20.8688],[-41.9031,-20.8764],[-41.9041,-20.8775],[-41.9035,-20.9014],[-41.8996,-20.9021],[-41.8922,-20.9129],[-41.8832,-20.9248],[-41.8958,-20.9273],[-41.9053,-20.924],[-41.911,-20.9288],[-41.9262,-20.9327],[-41.9326,-20.9438],[-41.938,-20.9462],[-41.9431,-20.9381],[-41.9486,-20.9388],[-41.9519,-20.9596],[-41.9555,-20.9596],[-41.9793,-20.9593],[-41.9805,-20.9566],[-42.002,-20.9672],[-42.0,-20.9763],[-42.0026,-20.9764],[-42.0027,-20.9823],[-42.0,-20.9841],[-42.0041,-20.9923],[-42.0,-20.9958],[-42.0023,-21.0128],[-42.0038,-21.0096],[-42.0114,-21.0126],[-42.0136,-21.0151],[-42.0198,-21.0138],[-42.0463,-21.0194],[-42.0505,-21.0228],[-42.0597,-21.0213],[-42.0663,-21.0254],[-42.0845,-21.0224],[-42.1023,-21.014],[-42.1087,-21.0143],[-42.1088,-21.0142],[-42.1104,-21.013],[-42.1154,-21.0094],[-42.1166,-21.0021],[-42.1261,-21.0031],[-42.1408,-20.9927],[-42.1412,-20.9866],[-42.1507,-20.9797],[-42.1498,-20.9751],[-42.1513,-20.9739],[-42.138,-20.9601],[-42.1251,-20.9554],[-42.1215,-20.9593],[-42.1152,-20.9587],[-42.1148,-20.9497],[-42.109,-20.9475],[-42.0936,-20.9355],[-42.087,-20.9387],[-42.0653,-20.9382],[-42.0458,-20.9328],[-42.0381,-20.927],[-42.023,-20.925],[-42.0187,-20.9273],[-42.0042,-20.9316],[-41.9983,-20.926],[-41.9763,-20.935],[-41.9792,-20.9219],[-41.9725,-20.9156],[-41.9669,-20.9164],[-41.9637,-20.906],[-41.9671,-20.8994],[-41.9648,-20.8924],[-41.96,-20.8823],[-41.9499,-20.8739],[-41.9543,-20.865],[-41.9494,-20.8575],[-41.9352,-20.8542],[-41.931,-20.8479],[-41.9295,-20.8444],[-41.9258,-20.8376],[-41.935,-20.8281],[-41.9249,-20.8011],[-41.9277,-20.7945],[-41.9156,-20.7923],[-41.9059,-20.7968],[-41.9008,-20.7958],[-41.8963,-20.789],[-41.8852,-20.7848],[-41.8784,-20.7782],[-41.8787,-20.7736],[-41.8731,-20.7704],[-41.8746,-20.766],[-41.8612,-20.7635],[-41.8534,-20.7637],[-41.8477,-20.7747],[-41.8374,-20.7802],[-41.8252,-20.7881]]]}},{"type":"Feature","properties":{"id":"3304110","name":"Porto Real"},"geometry":{"type":"Polygon","coordinates":[[[-44.274,-22.4058],[-44.2767,-22.4165],[-44.2837,-22.4244],[-44.3012,-22.4474],[-44.3067,-22.4517],[-44.3079,-22.4524],[-44.3129,-22.4601],[-44.3192,-22.4685],[-44.3328,-22.467],[-44.3363,-22.4693],[-44.3297,-22.4912],[-44.3507,-22.4911],[-44.3626,-22.4761],[-44.3635,-22.4692],[-44.3665,-22.4654],[-44.3729,-22.4612],[-44.3697,-22.4534],[-44.3555,-22.4445],[-44.3493,-22.4333],[-44.3508,-22.4134],[-44.3271,-22.415],[-44.3168,-22.4054],[-44.3143,-22.4023],[-44.3065,-22.3973],[-44.274,-22.4058]]]}},{"type":"Feature","properties":{"id":"3304128","name":"Quatis"},"geometry":{"type":"Polygon","coordinates":[[[-44.1814,-22.2396],[-44.1798,-22.2433],[-44.1752,-22.2413],[-44.1639,-22.2517],[-44.159,-22.2491],[-44.1566,-22.252],[-44.1564,-22.2572],[-44.1682,-22.2699],[-44.1462,-22.2808],[-44.1503,-22.2931],[-44.1459,-22.2955],[-44.1461,-22.3021],[-44.1572,-22.3123],[-44.1544,-22.3177],[-44.1477,-22.3201],[-44.1471,-22.3306],[-44.1682,-22.3325],[-44.1549,-22.3724],[-44.1568,-22.3753],[-44.1715,-22.3748],[-44.2024,-22.3834],[-44.2075,-22.3865],[-44.2046,-22.3879],[-44.2059,-22.3913],[-44.2064,-22.3992],[-44.2117,-22.4034],[-44.2107,-22.4088],[-44.2137,-22.4116],[-44.211,-22.4187],[-44.2162,-22.4222],[-44.218,-22.4327],[-44.2212,-22.4346],[-44.2194,-22.4414],[-44.223,-22.4439],[-44.2195,-22.4529],[-44.2253,-22.4542],[-44.2253,-22.4578],[-44.2217,-22.4635],[-44.2173,-22.4632],[-44.2212,-22.4727],[-44.2249,-22.4739],[-44.2216,-22.4795],[-44.2307,-22.4767],[-44.2338,-22.4834],[-44.2408,-22.487],[-44.242,-22.4863],[-44.2464,-22.485],[-44.2568,-22.4823],[-44.2587,-22.4749],[-44.2867,-22.4583],[-44.2896,-22.455],[-44.2973,-22.4502],[-44.3012,-22.4474],[-44.2837,-22.4244],[-44.2767,-22.4165],[-44.274,-22.4058],[-44.3065,-22.3973],[-44.3143,-22.4023],[-44.317,-22.402],[-44.3218,-22.3982],[-44.3298,-22.3943],[-44.3359,-22.387],[-44.3329,-22.3844],[-44.3407,-22.3792],[-44.3397,-22.368],[-44.3401,-22.3594],[-44.3317,-22.3566],[-44.3326,-22.3427],[-44.3273,-22.332],[-44.3217,-22.3342],[-44.3007,-22.328],[-44.2922,-22.3187],[-44.2719,-22.3198],[-44.2713,-22.3097],[-44.2616,-22.3038],[-44.2445,-22.3152],[-44.2387,-22.3177],[-44.2364,-22.3147],[-44.2594,-22.3005],[-44.2561,-22.2904],[-44.2567,-22.286],[-44.2586,-22.2832],[-44.2599,-22.2679],[-44.2504,-22.2602],[-44.2463,-22.2665],[-44.2387,-22.2625],[-44.235,-22.2657],[-44.224,-22.2588],[-44.224,-22.2525],[-44.2129,-22.2458],[-44.2081,-22.2506],[-44.2034,-22.2484],[-44.2013,-22.2511],[-44.1891,-22.2403],[-44.1814,-22.2396]]]}},{"type":"Feature","properties":{"id":"3304144","name":"Queimados"},"geometry":{"type":"Polygon","coordinates":[[[-43.5339,-22.6881],[-43.5134,-22.6902],[-43.5139,-22.6938],[-43.5211,-22.694],[-43.5357,-22.703],[-43.5346,-22.7073],[-43.5416,-22.7147],[-43.5379,-22.7171],[-43.5423,-22.7354],[-43.532,-22.7382],[-43.5345,-22.7478],[-43.5348,-22.7511],[-43.5416,-22.7538],[-43.5594,-22.7576],[-43.569,-22.7524],[-43.5819,-22.7539],[-43.5974,-22.7527],[-43.6016,-22.747],[-43.6127,-22.7476],[-43.6167,-22.7629],[-43.6268,-22.7717],[-43.6223,-22.7744],[-43.623,-22.7821],[-43.6346,-22.7825],[-43.6319,-22.7744],[-43.6436,-22.7538],[-43.6441,-22.7366],[-43.6403,-22.7278],[-43.6393,-22.7234],[-43.6384,-22.7195],[-43.6287,-22.7214],[-43.614,-22.6986],[-43.6098,-22.6914],[-43.6035,-22.6915],[-43.5969,-22.6845],[-43.5849,-22.6917],[-43.5566,-22.6885],[-43.5561,-22.6781],[-43.5417,-22.6796],[-43.5339,-22.6881]]]}},{"type":"Feature","properties":{"id":"3304151","name":"Quissamã"},"geometry":{"type":"Polygon","coordinates":[[[-41.4401,-21.9822],[-41.3487,-22.0286],[-41.3093,-22.0486],[-41.277,-22.0649],[-41.2567,-22.0992],[-41.24,-22.0987],[-41.2297,-22.0949],[-41.2228,-22.0971],[-41.2076,-22.0961],[-41.2012,-22.1035],[-41.1989,-22.1013],[-41.1954,-22.1043],[-41.1912,-22.1031],[-41.193,-22.0969],[-41.1897,-22.1009],[-41.1892,-22.0986],[-41.1793,-22.0987],[-41.1765,-22.0952],[-41.1603,-22.1017],[-41.159,-22.0935],[-41.1518,-22.0945],[-41.1519,-22.0985],[-41.1487,-22.0953],[-41.1454,-22.0983],[-41.1413,-22.0947],[-41.1455,-22.0894],[-41.132,-22.0899],[-41.1306,-22.0905],[-41.1576,-22.1096],[-41.2033,-22.1317],[-41.242,-22.1467],[-41.2945,-22.1616],[-41.4218,-22.1943],[-41.425,-22.1949],[-41.4609,-22.2051],[-41.4673,-22.2071],[-41.4827,-22.2116],[-41.4988,-22.2168],[-41.538,-22.2326],[-41.5342,-22.2287],[-41.5483,-22.2261],[-41.5497,-22.2118],[-41.5529,-22.2014],[-41.5492,-22.2001],[-41.5387,-22.1958],[-41.5388,-22.1899],[-41.5433,-22.1866],[-41.5472,-22.1789],[-41.5523,-22.1643],[-41.5571,-22.1553],[-41.5744,-22.1388],[-41.5916,-22.1342],[-41.5923,-22.1342],[-41.6152,-22.1283],[-41.6381,-22.1225],[-41.6928,-22.1086],[-41.675,-22.0762],[-41.6671,-22.068],[-41.6631,-22.0683],[-41.6618,-22.0587],[-41.6576,-22.0573],[-41.6525,-22.058],[-41.6447,-22.052],[-41.6215,-22.0502],[-41.6164,-22.0463],[-41.6012,-22.0511],[-41.5902,-22.0472],[-41.5584,-22.0538],[-41.5425,-22.0529],[-41.5322,-22.0363],[-41.5168,-22.0156],[-41.5002,-22.009],[-41.4795,-21.9986],[-41.4748,-22.0027],[-41.4709,-22.0011],[-41.4662,-21.9858],[-41.4527,-21.9823],[-41.4516,-21.9746],[-41.4491,-21.9733],[-41.4401,-21.9822]]]}},{"type":"Feature","properties":{"id":"3304201","name":"Resende"},"geometry":{"type":"Polygon","coordinates":[[[-44.2911,-22.2426],[-44.289,-22.247],[-44.2841,-22.2431],[-44.276,-22.2427],[-44.2684,-22.2443],[-44.2669,-22.2478],[-44.2642,-22.2444],[-44.2631,-22.2429],[-44.2599,-22.2679],[-44.2586,-22.2832],[-44.2567,-22.286],[-44.2561,-22.2904],[-44.2594,-22.3005],[-44.2364,-22.3147],[-44.2387,-22.3177],[-44.2445,-22.3152],[-44.2616,-22.3038],[-44.2713,-22.3097],[-44.2719,-22.3198],[-44.2922,-22.3187],[-44.3007,-22.328],[-44.3217,-22.3342],[-44.3273,-22.332],[-44.3326,-22.3427],[-44.3317,-22.3566],[-44.3401,-22.3594],[-44.3397,-22.368],[-44.3407,-22.3792],[-44.3329,-22.3844],[-44.3359,-22.387],[-44.3298,-22.3943],[-44.3218,-22.3982],[-44.317,-22.402],[-44.3143,-22.4023],[-44.3168,-22.4054],[-44.3271,-22.415],[-44.3508,-22.4134],[-44.3493,-22.4333],[-44.3555,-22.4445],[-44.3697,-22.4534],[-44.3729,-22.4612],[-44.3665,-22.4654],[-44.3635,-22.4692],[-44.3626,-22.4761],[-44.3507,-22.4911],[-44.3297,-22.4912],[-44.331,-22.4934],[-44.3223,-22.499],[-44.3192,-22.5074],[-44.3205,-22.5123],[-44.3248,-22.5134],[-44.3243,-22.5183],[-44.3281,-22.5192],[-44.3205,-22.55],[-44.3259,-22.5532],[-44.3245,-22.5642],[-44.3299,-22.569],[-44.3283,-22.5721],[-44.3463,-22.5735],[-44.3447,-22.584],[-44.3429,-22.5878],[-44.3473,-22.5901],[-44.3457,-22.5968],[-44.3499,-22.5951],[-44.3514,-22.5991],[-44.3491,-22.6087],[-44.3563,-22.614],[-44.3607,-22.6112],[-44.3612,-22.5924],[-44.3659,-22.5934],[-44.3699,-22.5894],[-44.3598,-22.5814],[-44.3636,-22.5779],[-44.3712,-22.5796],[-44.384,-22.5733],[-44.3915,-22.5727],[-44.3953,-22.5811],[-44.4092,-22.5879],[-44.405,-22.5914],[-44.4044,-22.6001],[-44.3981,-22.6025],[-44.4065,-22.6079],[-44.4163,-22.6013],[-44.4298,-22.598],[-44.4423,-22.6038],[-44.4463,-22.61],[-44.454,-22.6086],[-44.4658,-22.6152],[-44.4778,-22.6124],[-44.483,-22.6041],[-44.488,-22.606],[-44.4851,-22.6109],[-44.4874,-22.6123],[-44.504,-22.6357],[-44.5089,-22.6404],[-44.5145,-22.6297],[-44.5304,-22.6298],[-44.5342,-22.6325],[-44.5308,-22.639],[-44.5349,-22.637],[-44.537,-22.6319],[-44.5256,-22.619],[-44.5328,-22.6152],[-44.5368,-22.6168],[-44.5485,-22.6057],[-44.5505,-22.6046],[-44.5544,-22.6095],[-44.5628,-22.611],[-44.5727,-22.6014],[-44.5837,-22.6255],[-44.591,-22.6225],[-44.5968,-22.61],[-44.6019,-22.6071],[-44.6043,-22.614],[-44.6094,-22.6166],[-44.6221,-22.6053],[-44.6342,-22.6091],[-44.6454,-22.6034],[-44.643,-22.6],[-44.6467,-22.5841],[-44.6419,-22.5771],[-44.6413,-22.5589],[-44.6477,-22.552],[-44.6499,-22.5565],[-44.6611,-22.5504],[-44.677,-22.561],[-44.6758,-22.5444],[-44.6695,-22.5388],[-44.6877,-22.521],[-44.6955,-22.5178],[-44.6977,-22.5129],[-44.7007,-22.5106],[-44.7153,-22.5137],[-44.7097,-22.4999],[-44.7121,-22.4929],[-44.7201,-22.4918],[-44.7235,-22.4836],[-44.7227,-22.4752],[-44.7173,-22.4678],[-44.724,-22.4558],[-44.7236,-22.451],[-44.7283,-22.4479],[-44.7298,-22.4396],[-44.7331,-22.4331],[-44.74,-22.4252],[-44.7547,-22.4144],[-44.7695,-22.4147],[-44.7784,-22.4081],[-44.8088,-22.4048],[-44.8036,-22.3933],[-44.7933,-22.3866],[-44.7872,-22.3876],[-44.7801,-22.3823],[-44.7756,-22.3838],[-44.7616,-22.3758],[-44.744,-22.3757],[-44.7305,-22.3611],[-44.7235,-22.3595],[-44.7051,-22.3728],[-44.6912,-22.3696],[-44.6783,-22.3737],[-44.6661,-22.3727],[-44.6603,-22.38],[-44.6356,-22.4437],[-44.633,-22.4506],[-44.6159,-22.493],[-44.6186,-22.5083],[-44.6275,-22.5171],[-44.6263,-22.535],[-44.6145,-22.5562],[-44.5971,-22.5655],[-44.586,-22.5596],[-44.5817,-22.5444],[-44.5643,-22.533],[-44.5658,-22.5284],[-44.5767,-22.5257],[-44.5761,-22.5174],[-44.5693,-22.5102],[-44.5504,-22.4968],[-44.5356,-22.4941],[-44.5294,-22.4859],[-44.5146,-22.4846],[-44.5138,-22.4741],[-44.5101,-22.4715],[-44.4851,-22.4667],[-44.488,-22.4645],[-44.489,-22.4623],[-44.4889,-22.4618],[-44.4814,-22.4588],[-44.4792,-22.4576],[-44.4794,-22.4491],[-44.4795,-22.4488],[-44.486,-22.4424],[-44.4855,-22.4369],[-44.5051,-22.4292],[-44.5055,-22.429],[-44.535,-22.4184],[-44.5501,-22.4129],[-44.5688,-22.4061],[-44.5716,-22.4051],[-44.5931,-22.3973],[-44.5994,-22.3977],[-44.6029,-22.3922],[-44.6137,-22.3865],[-44.6009,-22.3724],[-44.6004,-22.372],[-44.5759,-22.357],[-44.5654,-22.3644],[-44.5556,-22.3644],[-44.5492,-22.3562],[-44.5487,-22.3399],[-44.5417,-22.3341],[-44.543,-22.3314],[-44.5315,-22.3282],[-44.5301,-22.3234],[-44.5173,-22.3158],[-44.5132,-22.3085],[-44.4964,-22.3024],[-44.4823,-22.2933],[-44.4791,-22.2876],[-44.4763,-22.2883],[-44.4676,-22.2791],[-44.4607,-22.2799],[-44.4629,-22.2745],[-44.4587,-22.27],[-44.4622,-22.2662],[-44.456,-22.2568],[-44.4462,-22.2552],[-44.4443,-22.2575],[-44.44,-22.2543],[-44.438,-22.2578],[-44.4342,-22.252],[-44.4318,-22.251],[-44.4235,-22.2552],[-44.414,-22.2537],[-44.3944,-22.2584],[-44.3907,-22.2678],[-44.3905,-22.2681],[-44.3872,-22.272],[-44.3836,-22.267],[-44.377,-22.2675],[-44.3752,-22.2616],[-44.3598,-22.2522],[-44.3519,-22.2573],[-44.3438,-22.2531],[-44.3368,-22.2582],[-44.3235,-22.2545],[-44.3216,-22.2607],[-44.3143,-22.254],[-44.3014,-22.2531],[-44.2911,-22.2426]]]}},{"type":"Feature","properties":{"id":"3304300","name":"Rio Bonito"},"geometry":{"type":"Polygon","coordinates":[[[-42.5533,-22.6184],[-42.5281,-22.6298],[-42.5269,-22.6801],[-42.5269,-22.6822],[-42.5288,-22.7169],[-42.5142,-22.7192],[-42.4986,-22.7248],[-42.4915,-22.7223],[-42.4795,-22.725],[-42.4714,-22.7233],[-42.4599,-22.7188],[-42.4544,-22.7254],[-42.441,-22.731],[-42.4437,-22.7648],[-42.444,-22.7685],[-42.4461,-22.7941],[-42.4461,-22.7949],[-42.4484,-22.823],[-42.4544,-22.823],[-42.4785,-22.8229],[-42.4845,-22.8304],[-42.488,-22.8275],[-42.5226,-22.8237],[-42.5276,-22.8159],[-42.5288,-22.8143],[-42.5333,-22.8093],[-42.5469,-22.8136],[-42.5597,-22.8112],[-42.5681,-22.8035],[-42.5813,-22.805],[-42.5915,-22.8112],[-42.596,-22.8137],[-42.6008,-22.8162],[-42.6024,-22.8188],[-42.6356,-22.8379],[-42.6345,-22.8463],[-42.6462,-22.8546],[-42.6467,-22.8449],[-42.6613,-22.8487],[-42.6701,-22.8439],[-42.6578,-22.8266],[-42.6694,-22.8218],[-42.6668,-22.8187],[-42.6712,-22.8111],[-42.6652,-22.8041],[-42.6675,-22.8021],[-42.6606,-22.7992],[-42.68,-22.797],[-42.6853,-22.7936],[-42.6886,-22.7923],[-42.6893,-22.7855],[-42.6782,-22.7745],[-42.6771,-22.7702],[-42.685,-22.768],[-42.6902,-22.7624],[-42.6883,-22.7581],[-42.6949,-22.753],[-42.6992,-22.7288],[-42.7149,-22.7199],[-42.746,-22.686],[-42.7062,-22.6672],[-42.6909,-22.654],[-42.6886,-22.6459],[-42.6922,-22.6462],[-42.6924,-22.6425],[-42.6747,-22.6409],[-42.6674,-22.6366],[-42.6554,-22.6374],[-42.6443,-22.6438],[-42.6375,-22.643],[-42.6382,-22.6455],[-42.6272,-22.6557],[-42.6221,-22.6556],[-42.6044,-22.6415],[-42.5842,-22.6246],[-42.5718,-22.6251],[-42.5641,-22.6196],[-42.5595,-22.6198],[-42.5533,-22.6184]]]}},{"type":"Feature","properties":{"id":"3304409","name":"Rio Claro"},"geometry":{"type":"Polygon","coordinates":[[[-44.0283,-22.6399],[-44.0238,-22.6434],[-44.0175,-22.6401],[-44.0091,-22.649],[-44.0205,-22.6752],[-44.0125,-22.6828],[-44.0053,-22.6861],[-43.9954,-22.6844],[-43.971,-22.6618],[-43.9605,-22.6631],[-43.961,-22.665],[-43.9576,-22.6849],[-43.954,-22.684],[-43.9462,-22.692],[-43.9422,-22.6952],[-43.9466,-22.7024],[-43.9455,-22.7079],[-43.9357,-22.7106],[-43.9227,-22.6989],[-43.9167,-22.7029],[-43.9122,-22.7132],[-43.902,-22.7083],[-43.8993,-22.7092],[-43.8931,-22.7083],[-43.8887,-22.7014],[-43.8818,-22.7012],[-43.8828,-22.7105],[-43.8796,-22.7136],[-43.8803,-22.7277],[-43.8847,-22.7277],[-43.8849,-22.7316],[-43.8904,-22.7346],[-43.8983,-22.734],[-43.8983,-22.7436],[-43.9033,-22.7441],[-43.902,-22.7487],[-43.9072,-22.7481],[-43.9052,-22.7527],[-43.8858,-22.7557],[-43.8895,-22.7588],[-43.8863,-22.7631],[-43.8914,-22.7656],[-43.8888,-22.7738],[-43.8955,-22.7769],[-43.8912,-22.7804],[-43.8913,-22.7893],[-43.885,-22.7938],[-43.8839,-22.802],[-43.8789,-22.8116],[-43.8793,-22.8168],[-43.8887,-22.8218],[-43.8907,-22.829],[-43.8972,-22.8323],[-43.9048,-22.8301],[-43.9123,-22.8358],[-43.91,-22.845],[-43.9253,-22.8627],[-43.9296,-22.8739],[-43.9396,-22.8783],[-43.9382,-22.8867],[-43.967,-22.8847],[-43.9797,-22.8645],[-43.9948,-22.868],[-43.997,-22.8665],[-44.0028,-22.8597],[-44.0044,-22.8589],[-44.019,-22.871],[-44.0404,-22.8821],[-44.0508,-22.8774],[-44.0793,-22.8786],[-44.0875,-22.883],[-44.1127,-22.8597],[-44.1176,-22.8609],[-44.1271,-22.8758],[-44.142,-22.882],[-44.1557,-22.9019],[-44.1606,-22.9031],[-44.1629,-22.9002],[-44.1695,-22.9109],[-44.1735,-22.9176],[-44.1761,-22.9298],[-44.1818,-22.9257],[-44.1931,-22.9279],[-44.2069,-22.9297],[-44.2145,-22.9314],[-44.223,-22.9284],[-44.2308,-22.9211],[-44.2391,-22.9157],[-44.2412,-22.9125],[-44.2367,-22.9047],[-44.2413,-22.9018],[-44.2364,-22.8967],[-44.2373,-22.8857],[-44.2309,-22.8729],[-44.2321,-22.87],[-44.2372,-22.8715],[-44.2397,-22.8691],[-44.2442,-22.8676],[-44.2509,-22.8543],[-44.2605,-22.8471],[-44.2664,-22.8484],[-44.2795,-22.8451],[-44.2816,-22.8415],[-44.2858,-22.8428],[-44.2961,-22.8444],[-44.3016,-22.8536],[-44.3111,-22.8433],[-44.3176,-22.8446],[-44.317,-22.8395],[-44.3081,-22.8323],[-44.2962,-22.8274],[-44.2863,-22.8281],[-44.2829,-22.8354],[-44.273,-22.832],[-44.2684,-22.8291],[-44.2612,-22.8047],[-44.2438,-22.8019],[-44.2398,-22.7909],[-44.2418,-22.7877],[-44.2476,-22.79],[-44.2564,-22.7863],[-44.2533,-22.7812],[-44.257,-22.7783],[-44.2571,-22.7665],[-44.25,-22.7571],[-44.2383,-22.7552],[-44.2421,-22.7496],[-44.2264,-22.7332],[-44.2015,-22.7319],[-44.198,-22.7245],[-44.2016,-22.7233],[-44.2033,-22.7159],[-44.1961,-22.7146],[-44.1844,-22.7124],[-44.1781,-22.7074],[-44.1742,-22.7016],[-44.1762,-22.6927],[-44.1681,-22.6875],[-44.1636,-22.6796],[-44.1605,-22.6778],[-44.1571,-22.6712],[-44.1481,-22.6485],[-44.1169,-22.6439],[-44.0884,-22.6482],[-44.08,-22.6467],[-44.0848,-22.653],[-44.0841,-22.6719],[-44.0777,-22.682],[-44.0755,-22.6807],[-44.0785,-22.6711],[-44.0741,-22.6689],[-44.0749,-22.6657],[-44.0705,-22.6549],[-44.0565,-22.6478],[-44.0481,-22.6394],[-44.0283,-22.6399]]]}},{"type":"Feature","properties":{"id":"3304508","name":"Rio das Flores"},"geometry":{"type":"Polygon","coordinates":[[[-43.5857,-22.0515],[-43.5841,-22.07],[-43.5743,-22.0773],[-43.5688,-22.0773],[-43.5665,-22.0872],[-43.5627,-22.0878],[-43.562,-22.0873],[-43.5564,-22.0818],[-43.5555,-22.0816],[-43.5252,-22.0715],[-43.5194,-22.0614],[-43.5132,-22.0588],[-43.5053,-22.0661],[-43.5071,-22.074],[-43.4918,-22.0738],[-43.4863,-22.073],[-43.4755,-22.0693],[-43.462,-22.0722],[-43.4366,-22.0595],[-43.4271,-22.1034],[-43.4258,-22.1095],[-43.4084,-22.1896],[-43.4043,-22.2081],[-43.4027,-22.2159],[-43.4174,-22.224],[-43.4204,-22.2301],[-43.431,-22.2366],[-43.4562,-22.2161],[-43.4668,-22.2147],[-43.471,-22.2169],[-43.4713,-22.2309],[-43.4811,-22.2489],[-43.5035,-22.2405],[-43.5139,-22.2358],[-43.5194,-22.2441],[-43.5159,-22.2502],[-43.5165,-22.2598],[-43.5257,-22.2763],[-43.5606,-22.2649],[-43.5773,-22.279],[-43.5838,-22.2852],[-43.5859,-22.2859],[-43.5886,-22.2875],[-43.5924,-22.2859],[-43.5943,-22.2839],[-43.5865,-22.276],[-43.5884,-22.2683],[-43.5937,-22.2661],[-43.5877,-22.2637],[-43.5922,-22.2604],[-43.5978,-22.2615],[-43.5992,-22.2584],[-43.6081,-22.2581],[-43.6102,-22.2525],[-43.6033,-22.2468],[-43.6111,-22.2429],[-43.6078,-22.2258],[-43.6221,-22.2217],[-43.6293,-22.2185],[-43.6318,-22.2146],[-43.6335,-22.2102],[-43.635,-22.2062],[-43.6508,-22.2041],[-43.6565,-22.1978],[-43.6591,-22.1959],[-43.655,-22.1857],[-43.6573,-22.1803],[-43.6634,-22.1804],[-43.6658,-22.1727],[-43.6738,-22.166],[-43.6654,-22.1621],[-43.6659,-22.1581],[-43.6614,-22.1552],[-43.6641,-22.1471],[-43.664,-22.1466],[-43.664,-22.1462],[-43.6594,-22.1044],[-43.6617,-22.091],[-43.6682,-22.0855],[-43.6652,-22.074],[-43.656,-22.0729],[-43.6522,-22.0666],[-43.6452,-22.0654],[-43.644,-22.0658],[-43.6383,-22.0676],[-43.6279,-22.0761],[-43.6207,-22.075],[-43.6203,-22.0834],[-43.6128,-22.0818],[-43.6115,-22.0711],[-43.6033,-22.0716],[-43.5992,-22.0585],[-43.5955,-22.0596],[-43.5923,-22.0554],[-43.5857,-22.0515]]]}},{"type":"Feature","properties":{"id":"3304524","name":"Rio das Ostras"},"geometry":{"type":"Polygon","coordinates":[[[-41.9373,-22.3774],[-41.941,-22.3921],[-41.9068,-22.3994],[-41.8931,-22.412],[-41.8765,-22.4186],[-41.8734,-22.4176],[-41.8717,-22.4185],[-41.8663,-22.4203],[-41.8607,-22.4178],[-41.854,-22.4079],[-41.8473,-22.4103],[-41.8254,-22.409],[-41.8174,-22.4163],[-41.8411,-22.4349],[-41.852,-22.4461],[-41.858,-22.4586],[-41.8618,-22.4771],[-41.8683,-22.4781],[-41.8783,-22.4876],[-41.891,-22.4867],[-41.8993,-22.4943],[-41.9169,-22.5167],[-41.92,-22.5264],[-41.9324,-22.5376],[-41.9374,-22.5367],[-41.9436,-22.5279],[-41.957,-22.5318],[-41.9691,-22.5429],[-41.9791,-22.5621],[-41.9867,-22.5462],[-41.9873,-22.5403],[-41.9898,-22.5142],[-41.9901,-22.5074],[-41.9896,-22.5065],[-41.9915,-22.5029],[-42.0057,-22.4855],[-42.0157,-22.4838],[-42.0272,-22.4685],[-42.0291,-22.4555],[-42.0193,-22.4492],[-42.02,-22.4444],[-42.0206,-22.4435],[-42.0197,-22.43],[-42.0153,-22.4252],[-42.0365,-22.4318],[-42.0368,-22.4276],[-42.0475,-22.4238],[-42.0645,-22.4225],[-42.0466,-22.4033],[-42.0242,-22.3886],[-42.018,-22.3909],[-42.0085,-22.395],[-42.0077,-22.3954],[-42.001,-22.3983],[-41.9896,-22.3976],[-41.965,-22.3874],[-41.953,-22.3881],[-41.9509,-22.3928],[-41.9454,-22.3922],[-41.9424,-22.3787],[-41.9373,-22.3774]]]}},{"type":"Feature","properties":{"id":"3304557","name":"Rio de Janeiro"},"geometry":{"type":"Polygon","coordinates":[[[-43.1975,-23.0746],[-43.198,-23.0748],[-43.1988,-23.0747],[-43.1992,-23.0744],[-43.1997,-23.0735],[-43.1996,-23.073],[-43.1991,-23.0727],[-43.1986,-23.073],[-43.1983,-23.0733],[-43.1981,-23.0737],[-43.1977,-23.0741],[-43.1975,-23.0746]],[[-43.1907,-23.0716],[-43.1927,-23.0738],[-43.1985,-23.0712],[-43.1939,-23.0673],[-43.1907,-23.0716]],[[-43.1492,-23.0593],[-43.1422,-23.0655],[-43.147,-23.065],[-43.1492,-23.0593]],[[-43.56,-23.0809],[-43.5636,-23.0821],[-43.5614,-23.0785],[-43.56,-23.0809]],[[-43.508,-23.0649],[-43.5139,-23.0661],[-43.5112,-23.0602],[-43.508,-23.0649]],[[-43.1971,-23.0357],[-43.1978,-23.0366],[-43.1983,-23.0369],[-43.2003,-23.0378],[-43.2009,-23.038],[-43.202,-23.038],[-43.2033,-23.0383],[-43.2037,-23.0386],[-43.2045,-23.0394],[-43.2055,-23.0401],[-43.2065,-23.0405],[-43.2079,-23.0406],[-43.2084,-23.0403],[-43.2083,-23.0398],[-43.2078,-23.0395],[-43.2074,-23.0385],[-43.207,-23.0382],[-43.2065,-23.038],[-43.2053,-23.0383],[-43.2048,-23.0383],[-43.2042,-23.0381],[-43.2037,-23.0378],[-43.2027,-23.0377],[-43.2017,-23.0371],[-43.201,-23.0367],[-43.2005,-23.0367],[-43.1999,-23.0365],[-43.1995,-23.0361],[-43.1992,-23.0356],[-43.1988,-23.0353],[-43.1983,-23.0351],[-43.198,-23.0347],[-43.1971,-23.0347],[-43.197,-23.0352],[-43.1971,-23.0357]],[[-43.5078,-23.0539],[-43.5093,-23.0549],[-43.5097,-23.0546],[-43.5096,-23.0541],[-43.5092,-23.0532],[-43.5086,-23.0529],[-43.5078,-23.0529],[-43.5077,-23.0533],[-43.5078,-23.0539]],[[-43.1914,-23.0305],[-43.1919,-23.0306],[-43.1925,-23.0305],[-43.1927,-23.0299],[-43.1925,-23.029],[-43.192,-23.0288],[-43.1918,-23.0292],[-43.1912,-23.0296],[-43.1914,-23.0305]],[[-43.3026,-23.038],[-43.3074,-23.0388],[-43.304,-23.0361],[-43.3026,-23.038]],[[-43.1906,-23.0271],[-43.1909,-23.0275],[-43.1913,-23.0278],[-43.1918,-23.0277],[-43.1923,-23.0276],[-43.1927,-23.0277],[-43.1938,-23.0276],[-43.1949,-23.0277],[-43.1951,-23.0273],[-43.1948,-23.0268],[-43.1944,-23.0266],[-43.1938,-23.0264],[-43.193,-23.0259],[-43.192,-23.0255],[-43.1914,-23.0254],[-43.191,-23.0256],[-43.1908,-23.0261],[-43.1908,-23.0267],[-43.1906,-23.0271]],[[-43.2056,-23.0257],[-43.2045,-23.0259],[-43.2036,-23.0256],[-43.2025,-23.0257],[-43.202,-23.0258],[-43.2015,-23.0261],[-43.2013,-23.0265],[-43.2015,-23.027],[-43.2019,-23.0274],[-43.2029,-23.0276],[-43.2039,-23.0272],[-43.205,-23.0273],[-43.2056,-23.0273],[-43.2063,-23.0266],[-43.2065,-23.0262],[-43.2061,-23.0258],[-43.2056,-23.0257]],[[-43.299,-23.0308],[-43.2981,-23.0337],[-43.301,-23.0332],[-43.299,-23.0308]],[[-43.2755,-23.0301],[-43.2758,-23.0305],[-43.2763,-23.0305],[-43.2768,-23.0308],[-43.2773,-23.0307],[-43.2777,-23.0303],[-43.2787,-23.0303],[-43.2784,-23.0297],[-43.278,-23.0295],[-43.2765,-23.0291],[-43.2761,-23.0288],[-43.2755,-23.0297],[-43.2755,-23.0301]],[[-43.703,-22.9874],[-43.7061,-22.9885],[-43.7064,-22.9881],[-43.7061,-22.9878],[-43.7041,-22.9871],[-43.7031,-22.9866],[-43.7026,-22.9866],[-43.7026,-22.9871],[-43.703,-22.9874]],[[-43.242,-22.8366],[-43.235,-22.8391],[-43.2287,-22.8363],[-43.2215,-22.841],[-43.2218,-22.8481],[-43.2247,-22.8412],[-43.2326,-22.846],[-43.2246,-22.8569],[-43.2087,-22.8582],[-43.2198,-22.8605],[-43.2141,-22.8662],[-43.2156,-22.87],[-43.2206,-22.8693],[-43.2219,-22.8654],[-43.2322,-22.8659],[-43.2332,-22.8619],[-43.237,-22.8615],[-43.2356,-22.8576],[-43.242,-22.8366]],[[-43.3071,-22.7979],[-43.2993,-22.8057],[-43.2908,-22.8095],[-43.2878,-22.8079],[-43.2829,-22.8162],[-43.2735,-22.8106],[-43.2754,-22.8184],[-43.2672,-22.822],[-43.2553,-22.8365],[-43.2443,-22.8423],[-43.2415,-22.858],[-43.2388,-22.8625],[-43.2425,-22.8681],[-43.2376,-22.8767],[-43.2301,-22.871],[-43.2256,-22.8753],[-43.2227,-22.8732],[-43.2176,-22.8759],[-43.2089,-22.8685],[-43.2009,-22.8761],[-43.211,-22.8869],[-43.2082,-22.8928],[-43.1893,-22.8881],[-43.1796,-22.8912],[-43.1813,-22.8947],[-43.1785,-22.8917],[-43.179,-22.8953],[-43.1744,-22.8927],[-43.1669,-22.895],[-43.1714,-22.8976],[-43.1675,-22.8992],[-43.1653,-22.8963],[-43.1674,-22.8993],[-43.1766,-22.896],[-43.1687,-22.9041],[-43.1615,-22.9042],[-43.1607,-22.9121],[-43.1567,-22.9127],[-43.1614,-22.9172],[-43.1684,-22.9141],[-43.1724,-22.9165],[-43.1703,-22.9195],[-43.1686,-22.9169],[-43.1667,-22.9222],[-43.1705,-22.932],[-43.1678,-22.9379],[-43.1738,-22.9436],[-43.1793,-22.9436],[-43.1802,-22.9475],[-43.1695,-22.9518],[-43.1619,-22.9431],[-43.1512,-22.9382],[-43.1552,-22.943],[-43.1498,-22.9503],[-43.1638,-22.954],[-43.1594,-22.9571],[-43.16,-22.961],[-43.1585,-22.9638],[-43.1674,-22.9633],[-43.1819,-22.9717],[-43.1866,-22.9817],[-43.1809,-22.9856],[-43.1869,-22.9876],[-43.1907,-22.9904],[-43.2218,-22.9884],[-43.2434,-23.0011],[-43.275,-23.0029],[-43.2859,-23.0087],[-43.2859,-23.0161],[-43.2963,-23.0165],[-43.294,-23.0115],[-43.3014,-23.0086],[-43.3059,-23.0006],[-43.3115,-22.997],[-43.3197,-22.997],[-43.3233,-22.9902],[-43.334,-22.9896],[-43.3424,-22.9818],[-43.3481,-22.9796],[-43.351,-22.9785],[-43.364,-22.9734],[-43.376,-22.9756],[-43.3826,-22.9736],[-43.3939,-22.9832],[-43.4035,-22.9748],[-43.406,-22.9786],[-43.403,-22.9848],[-43.406,-22.9805],[-43.415,-22.9872],[-43.4121,-22.9862],[-43.4124,-22.9892],[-43.4072,-22.992],[-43.3902,-22.9881],[-43.3882,-22.9922],[-43.3917,-22.9939],[-43.3887,-22.9944],[-43.3855,-22.9897],[-43.3874,-22.9826],[-43.3807,-22.9779],[-43.3498,-22.9791],[-43.3445,-22.9842],[-43.3573,-22.9849],[-43.3496,-22.9874],[-43.3465,-22.9919],[-43.3514,-22.9938],[-43.3576,-22.9898],[-43.3599,-22.9934],[-43.3234,-22.9958],[-43.3225,-23.0003],[-43.3167,-23.0],[-43.3107,-23.006],[-43.2953,-23.0121],[-43.3055,-23.0158],[-43.3581,-23.0107],[-43.4433,-23.0216],[-43.4657,-23.0291],[-43.47,-23.0332],[-43.4686,-23.0375],[-43.4729,-23.0321],[-43.4938,-23.0347],[-43.5062,-23.0423],[-43.5081,-23.0475],[-43.5357,-23.0514],[-43.5369,-23.0558],[-43.5491,-23.062],[-43.5523,-23.0708],[-43.5495,-23.0729],[-43.5537,-23.0761],[-43.5572,-23.0738],[-43.5719,-23.0734],[-43.5681,-23.0712],[-43.5684,-23.063],[-43.577,-23.0568],[-43.5947,-23.0521],[-43.6681,-23.0536],[-43.6667,-23.0423],[-43.6141,-23.0314],[-43.6055,-23.0344],[-43.6027,-23.04],[-43.568,-23.0535],[-43.5676,-23.0642],[-43.5587,-23.0538],[-43.5568,-23.0487],[-43.5592,-23.0479],[-43.5632,-23.0455],[-43.5635,-23.0534],[-43.572,-23.0494],[-43.58,-23.0394],[-43.5792,-23.0429],[-43.588,-23.0355],[-43.5853,-23.0353],[-43.5942,-23.0323],[-43.5993,-23.0232],[-43.6252,-23.0072],[-43.6392,-23.0064],[-43.6437,-23.0016],[-43.6532,-23.003],[-43.6641,-22.9868],[-43.6771,-22.9806],[-43.6868,-22.9862],[-43.6898,-22.992],[-43.6953,-22.985],[-43.7006,-22.9857],[-43.713,-22.9698],[-43.7204,-22.9738],[-43.719,-22.9666],[-43.7297,-22.9547],[-43.7493,-22.9459],[-43.7633,-22.9354],[-43.7633,-22.9306],[-43.7678,-22.9319],[-43.777,-22.9246],[-43.775,-22.9208],[-43.7841,-22.9232],[-43.7946,-22.9172],[-43.7912,-22.9132],[-43.7939,-22.9034],[-43.787,-22.9002],[-43.7839,-22.9035],[-43.7798,-22.8951],[-43.7744,-22.8964],[-43.7726,-22.8927],[-43.7668,-22.895],[-43.7635,-22.892],[-43.7509,-22.8879],[-43.7493,-22.8783],[-43.7329,-22.8773],[-43.6974,-22.8644],[-43.6741,-22.8642],[-43.6623,-22.8641],[-43.6439,-22.8558],[-43.6244,-22.8622],[-43.5968,-22.8573],[-43.5931,-22.8599],[-43.5878,-22.8381],[-43.5759,-22.8324],[-43.5668,-22.8306],[-43.5352,-22.8242],[-43.5159,-22.8204],[-43.4943,-22.8162],[-43.49,-22.8155],[-43.4848,-22.8301],[-43.4696,-22.8404],[-43.4635,-22.845],[-43.4576,-22.8488],[-43.4253,-22.8339],[-43.4145,-22.8206],[-43.3913,-22.8138],[-43.3896,-22.8136],[-43.3766,-22.8101],[-43.3585,-22.8027],[-43.3302,-22.8016],[-43.3272,-22.8018],[-43.3201,-22.7995],[-43.3136,-22.8019],[-43.3071,-22.7979]],[[-43.1721,-22.7755],[-43.1709,-22.7826],[-43.1655,-22.7766],[-43.1571,-22.7781],[-43.1567,-22.7863],[-43.1816,-22.8036],[-43.1775,-22.8062],[-43.175,-22.8197],[-43.1653,-22.8204],[-43.1691,-22.8258],[-43.173,-22.8307],[-43.1758,-22.8238],[-43.1848,-22.8331],[-43.1913,-22.8201],[-43.2041,-22.8195],[-43.2089,-22.8148],[-43.2264,-22.82],[-43.2419,-22.8329],[-43.2485,-22.8291],[-43.2471,-22.8251],[-43.2585,-22.8193],[-43.2632,-22.8088],[-43.259,-22.8038],[-43.2511,-22.8077],[-43.2438,-22.8071],[-43.2433,-22.8002],[-43.2295,-22.7875],[-43.229,-22.7827],[-43.2178,-22.7852],[-43.208,-22.7941],[-43.1899,-22.7959],[-43.1894,-22.7864],[-43.1826,-22.781],[-43.1781,-22.7821],[-43.1747,-22.7765],[-43.1721,-22.7755]],[[-43.1028,-22.7647],[-43.108,-22.7697],[-43.1135,-22.767],[-43.1095,-22.7584],[-43.1118,-22.7533],[-43.1082,-22.7476],[-43.1044,-22.7484],[-43.1029,-22.7527],[-43.1077,-22.7585],[-43.1028,-22.7647]]]}},{"type":"Feature","properties":{"id":"3304607","name":"Santa Maria Madalena"},"geometry":{"type":"Polygon","coordinates":[[[-41.952,-21.8549],[-41.9374,-21.8712],[-41.9322,-21.8703],[-41.9278,-21.8717],[-41.9259,-21.8749],[-41.8953,-21.8779],[-41.8924,-21.8664],[-41.9014,-21.8667],[-41.9005,-21.8643],[-41.8885,-21.863],[-41.884,-21.8716],[-41.887,-21.8804],[-41.8571,-21.8846],[-41.8379,-21.8873],[-41.7969,-21.8763],[-41.789,-21.8804],[-41.7879,-21.8877],[-41.7394,-21.8897],[-41.7194,-21.8866],[-41.7108,-21.8925],[-41.7052,-21.8919],[-41.7069,-21.8925],[-41.7125,-21.9018],[-41.7106,-21.9049],[-41.716,-21.9089],[-41.7141,-21.9229],[-41.7204,-21.944],[-41.7124,-21.9611],[-41.7194,-21.967],[-41.7158,-21.9823],[-41.7213,-21.9924],[-41.73,-21.9956],[-41.7411,-22.0083],[-41.749,-22.0102],[-41.7631,-22.0237],[-41.7634,-22.0175],[-41.7731,-22.0214],[-41.7633,-22.0344],[-41.7629,-22.0431],[-41.766,-22.0455],[-41.7591,-22.0528],[-41.7612,-22.063],[-41.7546,-22.0709],[-41.7536,-22.0822],[-41.7503,-22.0855],[-41.7665,-22.0843],[-41.7784,-22.0962],[-41.7921,-22.0995],[-41.8213,-22.099],[-41.8324,-22.0778],[-41.8385,-22.0737],[-41.8371,-22.0708],[-41.8485,-22.071],[-41.8571,-22.0633],[-41.8594,-22.0616],[-41.8605,-22.0616],[-41.8674,-22.0516],[-41.877,-22.0546],[-41.888,-22.0486],[-41.8946,-22.0555],[-41.8991,-22.0544],[-41.9031,-22.0575],[-41.9042,-22.0644],[-41.9099,-22.0673],[-41.9343,-22.0562],[-41.9419,-22.0697],[-41.9604,-22.0769],[-41.9891,-22.062],[-42.0009,-22.0571],[-42.0516,-22.0591],[-42.0609,-22.0568],[-42.1022,-22.0466],[-42.0997,-22.0302],[-42.1356,-22.0329],[-42.1391,-22.0286],[-42.1359,-22.0245],[-42.1346,-22.0233],[-42.1303,-22.0192],[-42.1335,-22.0109],[-42.1315,-22.0071],[-42.1216,-22.0021],[-42.1137,-21.9844],[-42.1001,-21.9796],[-42.0971,-21.975],[-42.103,-21.9681],[-42.1009,-21.9556],[-42.0926,-21.9551],[-42.0887,-21.9604],[-42.0827,-21.9522],[-42.0824,-21.9487],[-42.0873,-21.9506],[-42.0936,-21.9441],[-42.0897,-21.9357],[-42.0965,-21.9354],[-42.0951,-21.9326],[-42.101,-21.9265],[-42.0945,-21.924],[-42.0829,-21.9361],[-42.0789,-21.9363],[-42.0761,-21.9354],[-42.0786,-21.932],[-42.0743,-21.9241],[-42.077,-21.9156],[-42.0736,-21.9139],[-42.062,-21.9179],[-42.0433,-21.89],[-42.0346,-21.8859],[-42.0271,-21.8689],[-42.0216,-21.8669],[-42.0245,-21.8616],[-42.018,-21.8581],[-42.0126,-21.8495],[-42.0049,-21.8458],[-42.0014,-21.8392],[-42.0049,-21.8365],[-41.9733,-21.8039],[-41.9702,-21.8027],[-41.9668,-21.8194],[-41.9639,-21.8294],[-41.9552,-21.8355],[-41.952,-21.8549]]]}},{"type":"Feature","properties":{"id":"3304706","name":"Santo Antônio de Pádua"},"geometry":{"type":"Polygon","coordinates":[[[-42.1373,-21.4706],[-42.1369,-21.4707],[-42.1361,-21.4705],[-42.1356,-21.4704],[-42.1346,-21.4701],[-42.1229,-21.4739],[-42.1064,-21.4525],[-42.0993,-21.4506],[-42.0937,-21.4535],[-42.083,-21.4469],[-42.0795,-21.4495],[-42.0575,-21.4329],[-42.0485,-21.4373],[-42.0356,-21.4337],[-42.0226,-21.4358],[-42.0094,-21.428],[-42.0056,-21.432],[-42.001,-21.4332],[-41.998,-21.4524],[-41.9935,-21.4566],[-41.9945,-21.4634],[-42.0014,-21.4653],[-42.0068,-21.4752],[-42.0048,-21.482],[-41.9973,-21.4876],[-42.0024,-21.4954],[-42.0397,-21.5135],[-42.0438,-21.5212],[-42.0542,-21.5262],[-42.0552,-21.5464],[-42.0778,-21.5749],[-42.087,-21.5789],[-42.0876,-21.5847],[-42.1041,-21.6015],[-42.1152,-21.604],[-42.1179,-21.6028],[-42.1264,-21.6014],[-42.1329,-21.6023],[-42.1348,-21.6058],[-42.1386,-21.6046],[-42.1388,-21.6102],[-42.1572,-21.619],[-42.1621,-21.6254],[-42.1806,-21.6316],[-42.1846,-21.6262],[-42.1868,-21.6232],[-42.1875,-21.6294],[-42.2048,-21.6485],[-42.1949,-21.6548],[-42.1953,-21.6685],[-42.185,-21.6758],[-42.1857,-21.6789],[-42.1765,-21.6896],[-42.1872,-21.69],[-42.1889,-21.6844],[-42.1961,-21.6838],[-42.2121,-21.69],[-42.2373,-21.6976],[-42.2496,-21.7066],[-42.2666,-21.7137],[-42.2669,-21.7137],[-42.2714,-21.7141],[-42.2662,-21.7079],[-42.2717,-21.7038],[-42.2709,-21.6994],[-42.2649,-21.6936],[-42.2702,-21.6812],[-42.2749,-21.6764],[-42.283,-21.6805],[-42.2867,-21.6722],[-42.2827,-21.6702],[-42.2907,-21.6643],[-42.2953,-21.6598],[-42.3014,-21.6548],[-42.3103,-21.6596],[-42.3159,-21.6548],[-42.32,-21.6603],[-42.3243,-21.6561],[-42.3315,-21.6612],[-42.336,-21.6602],[-42.3378,-21.6614],[-42.3427,-21.6592],[-42.3426,-21.6553],[-42.3468,-21.6427],[-42.3551,-21.647],[-42.3647,-21.6458],[-42.3694,-21.6398],[-42.3636,-21.6314],[-42.3583,-21.6312],[-42.3553,-21.6254],[-42.3589,-21.6209],[-42.3645,-21.6238],[-42.3687,-21.6195],[-42.361,-21.6016],[-42.3527,-21.5916],[-42.3458,-21.5825],[-42.3255,-21.5695],[-42.327,-21.5622],[-42.3307,-21.5601],[-42.3139,-21.5551],[-42.3088,-21.5503],[-42.3102,-21.5466],[-42.3025,-21.539],[-42.3059,-21.5291],[-42.2967,-21.5241],[-42.286,-21.5276],[-42.2828,-21.523],[-42.2733,-21.5037],[-42.2596,-21.4959],[-42.2566,-21.4942],[-42.2526,-21.4932],[-42.2523,-21.4893],[-42.271,-21.4752],[-42.2682,-21.4684],[-42.2922,-21.4596],[-42.2839,-21.446],[-42.2856,-21.4418],[-42.2793,-21.4349],[-42.2805,-21.4321],[-42.2751,-21.4279],[-42.237,-21.4491],[-42.2313,-21.4523],[-42.2018,-21.4687],[-42.1966,-21.4687],[-42.1373,-21.4706]]]}},{"type":"Feature","properties":{"id":"3304755","name":"São Francisco de Itabapoana"},"geometry":{"type":"Polygon","coordinates":[[[-41.228,-21.2255],[-41.2272,-21.2305],[-41.2239,-21.2268],[-41.2245,-21.2302],[-41.2203,-21.2295],[-41.2213,-21.2329],[-41.2118,-21.2354],[-41.2049,-21.2434],[-41.2037,-21.2394],[-41.1992,-21.2437],[-41.1932,-21.2438],[-41.1926,-21.2413],[-41.1905,-21.248],[-41.1878,-21.243],[-41.1831,-21.244],[-41.1858,-21.2409],[-41.1825,-21.2358],[-41.1808,-21.2394],[-41.1775,-21.2387],[-41.1806,-21.2414],[-41.1741,-21.2406],[-41.1764,-21.2444],[-41.1636,-21.2427],[-41.1606,-21.2455],[-41.1578,-21.2407],[-41.1555,-21.2446],[-41.1558,-21.2397],[-41.141,-21.2382],[-41.1371,-21.2275],[-41.134,-21.2262],[-41.1188,-21.2299],[-41.1039,-21.2193],[-41.1023,-21.2217],[-41.092,-21.2182],[-41.0907,-21.2212],[-41.0882,-21.2199],[-41.081,-21.2215],[-41.0729,-21.2305],[-41.0702,-21.2282],[-41.0555,-21.2377],[-41.041,-21.2547],[-41.0248,-21.2458],[-41.0119,-21.2506],[-41.0063,-21.2516],[-40.9981,-21.2657],[-40.9989,-21.278],[-40.9943,-21.2858],[-40.9852,-21.2865],[-40.9776,-21.2806],[-40.9761,-21.2865],[-40.9803,-21.2883],[-40.9753,-21.2886],[-40.9724,-21.2936],[-40.9655,-21.2952],[-40.9651,-21.2992],[-40.9564,-21.3034],[-40.9602,-21.3177],[-40.9644,-21.3437],[-40.9602,-21.361],[-40.9648,-21.3631],[-40.9823,-21.3934],[-40.9872,-21.3913],[-40.9972,-21.3983],[-41.0064,-21.4199],[-41.0232,-21.4449],[-41.0372,-21.4611],[-41.0475,-21.4668],[-41.064,-21.4869],[-41.0703,-21.499],[-41.0743,-21.5218],[-41.0708,-21.5444],[-41.0566,-21.5842],[-41.0377,-21.6028],[-41.0197,-21.6042],[-41.013,-21.6083],[-41.0141,-21.6048],[-41.01,-21.6115],[-41.0291,-21.6167],[-41.0527,-21.6175],[-41.075,-21.6308],[-41.0945,-21.6528],[-41.101,-21.6621],[-41.1035,-21.6733],[-41.1114,-21.6767],[-41.1266,-21.6733],[-41.1357,-21.6773],[-41.1407,-21.6768],[-41.1388,-21.6715],[-41.148,-21.6714],[-41.1461,-21.6755],[-41.1591,-21.6745],[-41.1643,-21.6809],[-41.178,-21.688],[-41.1879,-21.6866],[-41.1888,-21.6821],[-41.1965,-21.6819],[-41.1909,-21.6602],[-41.1825,-21.6214],[-41.1813,-21.5977],[-41.1875,-21.59],[-41.1941,-21.5905],[-41.2174,-21.5802],[-41.2328,-21.564],[-41.2641,-21.5517],[-41.2447,-21.522],[-41.2436,-21.5203],[-41.2292,-21.4993],[-41.2486,-21.5004],[-41.2595,-21.4905],[-41.2613,-21.4889],[-41.2573,-21.4856],[-41.255,-21.4756],[-41.2584,-21.4656],[-41.2551,-21.4437],[-41.2577,-21.4212],[-41.2661,-21.4066],[-41.2566,-21.3948],[-41.2567,-21.388],[-41.2428,-21.3874],[-41.2371,-21.3813],[-41.2369,-21.3745],[-41.2429,-21.3659],[-41.2553,-21.3621],[-41.2638,-21.3635],[-41.2652,-21.3554],[-41.2704,-21.3535],[-41.2629,-21.3401],[-41.2578,-21.3395],[-41.2586,-21.3318],[-41.2632,-21.3322],[-41.2499,-21.32],[-41.2487,-21.3089],[-41.2619,-21.3142],[-41.2766,-21.3116],[-41.2957,-21.3158],[-41.2989,-21.3107],[-41.3068,-21.3133],[-41.3124,-21.3115],[-41.3097,-21.3016],[-41.3023,-21.2975],[-41.2987,-21.2861],[-41.2887,-21.2712],[-41.2875,-21.2564],[-41.2808,-21.2493],[-41.2721,-21.2461],[-41.2767,-21.2398],[-41.2754,-21.2359],[-41.2714,-21.2368],[-41.2719,-21.2329],[-41.2653,-21.2326],[-41.2617,-21.2363],[-41.2569,-21.2253],[-41.2493,-21.2217],[-41.2465,-21.2207],[-41.2409,-21.2207],[-41.228,-21.2255]]]}},{"type":"Feature","properties":{"id":"3304805","name":"São Fidélis"},"geometry":{"type":"Polygon","coordinates":[[[-41.6731,-21.53],[-41.6393,-21.578],[-41.6269,-21.5956],[-41.5564,-21.5647],[-41.5416,-21.561],[-41.5484,-21.6147],[-41.5388,-21.6213],[-41.5413,-21.6267],[-41.5509,-21.6283],[-41.5557,-21.6395],[-41.5644,-21.6422],[-41.5686,-21.6397],[-41.5739,-21.6446],[-41.5736,-21.6492],[-41.5835,-21.6529],[-41.59,-21.6636],[-41.6099,-21.6638],[-41.6179,-21.6696],[-41.6399,-21.6694],[-41.6504,-21.6873],[-41.6646,-21.6954],[-41.6825,-21.7028],[-41.6828,-21.7069],[-41.6893,-21.7115],[-41.6916,-21.7094],[-41.6956,-21.714],[-41.7009,-21.7253],[-41.6995,-21.7388],[-41.7121,-21.7537],[-41.7122,-21.7537],[-41.7173,-21.7524],[-41.731,-21.7635],[-41.7361,-21.7625],[-41.7514,-21.7799],[-41.7474,-21.7887],[-41.7764,-21.7864],[-41.7892,-21.7814],[-41.7953,-21.7836],[-41.7944,-21.7869],[-41.795,-21.7929],[-41.8093,-21.7966],[-41.8114,-21.8038],[-41.8205,-21.8132],[-41.8329,-21.8191],[-41.8396,-21.8342],[-41.8538,-21.8389],[-41.8885,-21.863],[-41.9005,-21.8643],[-41.9014,-21.8667],[-41.8924,-21.8664],[-41.8953,-21.8779],[-41.9259,-21.8749],[-41.9278,-21.8717],[-41.9322,-21.8703],[-41.9374,-21.8712],[-41.952,-21.8549],[-41.9552,-21.8355],[-41.9639,-21.8294],[-41.9668,-21.8194],[-41.9702,-21.8027],[-41.9587,-21.7921],[-41.9516,-21.7703],[-41.9452,-21.7721],[-41.9355,-21.7674],[-41.9372,-21.7492],[-41.9306,-21.742],[-41.9373,-21.7411],[-41.9375,-21.741],[-41.9376,-21.6967],[-41.9376,-21.6455],[-41.9377,-21.6276],[-41.9377,-21.5967],[-41.9342,-21.5944],[-41.9302,-21.5911],[-41.9027,-21.5769],[-41.897,-21.5751],[-41.8839,-21.5793],[-41.868,-21.574],[-41.872,-21.56],[-41.8667,-21.5504],[-41.849,-21.5338],[-41.8316,-21.5154],[-41.8232,-21.5123],[-41.8237,-21.5045],[-41.8168,-21.4896],[-41.8236,-21.4823],[-41.7915,-21.4748],[-41.7914,-21.4748],[-41.7426,-21.4638],[-41.7035,-21.4982],[-41.6835,-21.5157],[-41.6731,-21.53]]]}},{"type":"Feature","properties":{"id":"3304904","name":"São Gonçalo"},"geometry":{"type":"Polygon","coordinates":[[[-42.9975,-22.734],[-42.9912,-22.7441],[-42.9895,-22.7492],[-42.9623,-22.7583],[-42.9505,-22.7687],[-42.9441,-22.7694],[-42.9405,-22.7757],[-42.9427,-22.7954],[-42.9191,-22.8192],[-42.9102,-22.8164],[-42.9062,-22.8171],[-42.8958,-22.8424],[-42.8855,-22.8671],[-42.9021,-22.8777],[-42.9227,-22.8816],[-42.9541,-22.8916],[-42.9543,-22.9005],[-42.9745,-22.9063],[-42.9802,-22.9166],[-42.9859,-22.9111],[-42.9867,-22.8934],[-42.9903,-22.8881],[-43.008,-22.8916],[-43.0293,-22.8762],[-43.0509,-22.8739],[-43.0994,-22.8588],[-43.103,-22.8571],[-43.0988,-22.8484],[-43.0935,-22.8402],[-43.0968,-22.8343],[-43.0954,-22.827],[-43.0802,-22.8187],[-43.0657,-22.8021],[-43.0786,-22.7989],[-43.0807,-22.7866],[-43.0697,-22.7792],[-43.0679,-22.7686],[-43.0623,-22.7634],[-43.0289,-22.7466],[-43.0264,-22.7419],[-43.0174,-22.7427],[-43.0106,-22.7366],[-43.0009,-22.7379],[-42.9975,-22.734]]]}},{"type":"Feature","properties":{"id":"3305000","name":"São João da Barra"},"geometry":{"type":"Polygon","coordinates":[[[-41.01,-21.6115],[-41.0162,-21.6469],[-41.0236,-21.6802],[-41.0257,-21.7206],[-41.0088,-21.7971],[-40.9797,-21.9151],[-40.9822,-21.915],[-41.0017,-21.9146],[-41.0315,-21.9139],[-41.0321,-21.9139],[-41.0524,-21.9135],[-41.0526,-21.9135],[-41.077,-21.9129],[-41.0841,-21.9128],[-41.1274,-21.9118],[-41.1401,-21.8943],[-41.1535,-21.8823],[-41.1588,-21.8707],[-41.1591,-21.8652],[-41.1534,-21.8599],[-41.1511,-21.8381],[-41.1495,-21.8162],[-41.1501,-21.8151],[-41.1544,-21.8077],[-41.1674,-21.7886],[-41.1772,-21.7752],[-41.1717,-21.7489],[-41.177,-21.7434],[-41.1917,-21.7306],[-41.1916,-21.7262],[-41.1761,-21.7176],[-41.1715,-21.7109],[-41.164,-21.7088],[-41.1519,-21.6968],[-41.1442,-21.6936],[-41.1357,-21.6773],[-41.1266,-21.6733],[-41.1114,-21.6767],[-41.1035,-21.6733],[-41.101,-21.6621],[-41.0945,-21.6528],[-41.075,-21.6308],[-41.0527,-21.6175],[-41.0291,-21.6167],[-41.01,-21.6115]]]}},{"type":"Feature","properties":{"id":"3305109","name":"São João de Meriti"},"geometry":{"type":"Polygon","coordinates":[[[-43.3304,-22.756],[-43.3302,-22.8016],[-43.3585,-22.8027],[-43.3766,-22.8101],[-43.3896,-22.8136],[-43.3913,-22.8138],[-43.3993,-22.8046],[-43.4018,-22.8017],[-43.4106,-22.7917],[-43.3962,-22.7769],[-43.3914,-22.7722],[-43.3844,-22.7662],[-43.3619,-22.7619],[-43.3304,-22.756]]]}},{"type":"Feature","properties":{"id":"3305133","name":"São José de Ubá"},"geometry":{"type":"Polygon","coordinates":[[[-41.8337,-21.2956],[-41.8149,-21.3264],[-41.8253,-21.3303],[-41.8307,-21.3386],[-41.8369,-21.3382],[-41.8571,-21.3463],[-41.867,-21.3644],[-41.9003,-21.3842],[-41.8976,-21.3935],[-41.9171,-21.4112],[-41.9409,-21.4261],[-41.9509,-21.4324],[-41.9517,-21.4432],[-41.9579,-21.444],[-41.962,-21.4561],[-41.9707,-21.4649],[-41.9698,-21.4702],[-41.9925,-21.4855],[-41.9973,-21.4876],[-42.0048,-21.482],[-42.0068,-21.4752],[-42.0014,-21.4653],[-41.9945,-21.4634],[-41.9935,-21.4566],[-41.998,-21.4524],[-42.001,-21.4332],[-42.0056,-21.432],[-42.0094,-21.428],[-42.0226,-21.4358],[-42.0356,-21.4337],[-42.0485,-21.4373],[-42.0575,-21.4329],[-42.0369,-21.3956],[-42.0298,-21.3898],[-42.0314,-21.3839],[-42.028,-21.3759],[-42.0389,-21.3656],[-42.0377,-21.3574],[-42.0336,-21.3427],[-42.022,-21.3284],[-41.9996,-21.3276],[-41.9936,-21.3212],[-41.9877,-21.3212],[-41.9862,-21.3126],[-41.9617,-21.3103],[-41.9557,-21.3135],[-41.9506,-21.3109],[-41.9502,-21.3107],[-41.9403,-21.3079],[-41.9318,-21.3111],[-41.9173,-21.2952],[-41.905,-21.2977],[-41.8996,-21.3021],[-41.885,-21.2946],[-41.8832,-21.2988],[-41.873,-21.299],[-41.8691,-21.3042],[-41.8537,-21.3002],[-41.8386,-21.2875],[-41.8337,-21.2956]]]}},{"type":"Feature","properties":{"id":"3305158","name":"São José do Vale do Rio Preto"},"geometry":{"type":"Polygon","coordinates":[[[-42.9346,-22.095],[-42.9283,-22.1038],[-42.9239,-22.1019],[-42.9152,-22.0994],[-42.9123,-22.1091],[-42.9068,-22.1115],[-42.8976,-22.1112],[-42.8824,-22.1016],[-42.8809,-22.1009],[-42.8721,-22.1019],[-42.869,-22.1118],[-42.8647,-22.1272],[-42.8732,-22.1446],[-42.8736,-22.1557],[-42.8638,-22.1646],[-42.8381,-22.1532],[-42.8285,-22.1431],[-42.8198,-22.1468],[-42.811,-22.1346],[-42.8056,-22.1343],[-42.7931,-22.1225],[-42.7792,-22.1199],[-42.7685,-22.1232],[-42.7546,-22.1171],[-42.7471,-22.1227],[-42.7613,-22.127],[-42.7625,-22.1274],[-42.765,-22.1281],[-42.7685,-22.1317],[-42.7755,-22.1303],[-42.7796,-22.1335],[-42.7943,-22.1445],[-42.8021,-22.1489],[-42.8058,-22.1567],[-42.8145,-22.163],[-42.8388,-22.1749],[-42.8455,-22.1738],[-42.8519,-22.1775],[-42.8541,-22.183],[-42.8682,-22.1904],[-42.8764,-22.1909],[-42.8776,-22.1859],[-42.8865,-22.1875],[-42.8871,-22.1877],[-42.8927,-22.1897],[-42.8998,-22.2085],[-42.9065,-22.2247],[-42.9067,-22.2248],[-42.9143,-22.2232],[-42.9255,-22.2253],[-42.9372,-22.2315],[-42.957,-22.2529],[-42.9705,-22.2541],[-42.9738,-22.2623],[-42.9802,-22.2642],[-42.9795,-22.2489],[-42.992,-22.2385],[-42.9963,-22.2256],[-43.0082,-22.2188],[-43.0179,-22.2223],[-43.0231,-22.2105],[-43.0263,-22.2055],[-43.0289,-22.203],[-43.0471,-22.2083],[-43.0477,-22.2073],[-43.0177,-22.1511],[-43.0134,-22.1468],[-43.0012,-22.1508],[-42.9741,-22.1429],[-42.956,-22.1377],[-42.9643,-22.1266],[-42.9674,-22.1052],[-42.9727,-22.0987],[-42.9689,-22.0883],[-42.9573,-22.0848],[-42.9487,-22.0925],[-42.948,-22.0949],[-42.9346,-22.095]]]}},{"type":"Feature","properties":{"id":"3305208","name":"São Pedro da Aldeia"},"geometry":{"type":"Polygon","coordinates":[[[-42.0418,-22.7579],[-42.0341,-22.7732],[-42.0242,-22.7932],[-42.0239,-22.7939],[-42.0237,-22.7942],[-42.0231,-22.7955],[-42.0408,-22.8652],[-42.0458,-22.8671],[-42.0528,-22.8621],[-42.0611,-22.8671],[-42.0758,-22.8601],[-42.0815,-22.8626],[-42.0871,-22.8645],[-42.098,-22.8613],[-42.1075,-22.8677],[-42.1044,-22.8845],[-42.1066,-22.8977],[-42.1141,-22.9083],[-42.1232,-22.907],[-42.1484,-22.8943],[-42.1533,-22.8897],[-42.1606,-22.8792],[-42.1725,-22.8727],[-42.1772,-22.8753],[-42.1896,-22.8742],[-42.1989,-22.8788],[-42.1962,-22.8549],[-42.1769,-22.8274],[-42.1928,-22.8217],[-42.1929,-22.8156],[-42.1962,-22.8073],[-42.1937,-22.8013],[-42.2009,-22.7956],[-42.1969,-22.7926],[-42.201,-22.7866],[-42.2039,-22.7804],[-42.2096,-22.7855],[-42.2542,-22.7913],[-42.2508,-22.789],[-42.2286,-22.7759],[-42.2188,-22.77],[-42.2153,-22.7639],[-42.2066,-22.7487],[-42.2065,-22.7486],[-42.1877,-22.7156],[-42.1677,-22.6806],[-42.167,-22.6793],[-42.1323,-22.6524],[-42.1318,-22.6529],[-42.0891,-22.7025],[-42.0755,-22.7184],[-42.0707,-22.7239],[-42.0548,-22.7424],[-42.0548,-22.7425],[-42.0418,-22.7579]]]}},{"type":"Feature","properties":{"id":"3305307","name":"São Sebastião do Alto"},"geometry":{"type":"Polygon","coordinates":[[[-41.9522,-21.7285],[-41.9375,-21.741],[-41.9373,-21.7411],[-41.9306,-21.742],[-41.9372,-21.7492],[-41.9355,-21.7674],[-41.9452,-21.7721],[-41.9516,-21.7703],[-41.9587,-21.7921],[-41.9702,-21.8027],[-41.9733,-21.8039],[-42.0049,-21.8365],[-42.0014,-21.8392],[-42.0049,-21.8458],[-42.0126,-21.8495],[-42.018,-21.8581],[-42.0245,-21.8616],[-42.0216,-21.8669],[-42.0271,-21.8689],[-42.0346,-21.8859],[-42.0433,-21.89],[-42.062,-21.9179],[-42.0736,-21.9139],[-42.077,-21.9156],[-42.0743,-21.9241],[-42.0786,-21.932],[-42.0761,-21.9354],[-42.0789,-21.9363],[-42.0829,-21.9361],[-42.0945,-21.924],[-42.101,-21.9265],[-42.0951,-21.9326],[-42.0965,-21.9354],[-42.0897,-21.9357],[-42.0936,-21.9441],[-42.0873,-21.9506],[-42.0824,-21.9487],[-42.0827,-21.9522],[-42.0887,-21.9604],[-42.0926,-21.9551],[-42.1009,-21.9556],[-42.103,-21.9681],[-42.0971,-21.975],[-42.1001,-21.9796],[-42.1137,-21.9844],[-42.1216,-22.0021],[-42.1315,-22.0071],[-42.1335,-22.0109],[-42.1303,-22.0192],[-42.1346,-22.0233],[-42.1359,-22.0245],[-42.138,-22.0193],[-42.1477,-22.0239],[-42.1553,-22.0096],[-42.1733,-22.0045],[-42.1801,-22.0066],[-42.1864,-22.0176],[-42.1945,-22.0133],[-42.2047,-22.0155],[-42.219,-22.0092],[-42.2239,-22.0062],[-42.2205,-21.9959],[-42.2262,-21.9882],[-42.2299,-21.9753],[-42.2423,-21.9732],[-42.2431,-21.9727],[-42.2404,-21.9641],[-42.2431,-21.9533],[-42.2333,-21.9365],[-42.2307,-21.9347],[-42.2253,-21.9303],[-42.2207,-21.9181],[-42.2102,-21.9189],[-42.2137,-21.9097],[-42.2207,-21.9091],[-42.2177,-21.905],[-42.2132,-21.8968],[-42.2149,-21.8914],[-42.21,-21.8878],[-42.2103,-21.88],[-42.2067,-21.8773],[-42.199,-21.8812],[-42.1901,-21.8738],[-42.1839,-21.8749],[-42.1825,-21.8693],[-42.1711,-21.8664],[-42.1667,-21.8589],[-42.1462,-21.8601],[-42.1444,-21.8563],[-42.1425,-21.8586],[-42.1387,-21.8553],[-42.145,-21.8425],[-42.1391,-21.8393],[-42.1369,-21.8371],[-42.1325,-21.8393],[-42.1316,-21.8433],[-42.1236,-21.8453],[-42.1206,-21.8499],[-42.1166,-21.8368],[-42.126,-21.8295],[-42.1249,-21.8242],[-42.1205,-21.8232],[-42.1192,-21.8266],[-42.1137,-21.8246],[-42.1032,-21.8098],[-42.0926,-21.8127],[-42.0895,-21.8016],[-42.0763,-21.8007],[-42.0702,-21.7968],[-42.0681,-21.8001],[-42.059,-21.8006],[-42.0632,-21.7912],[-42.0603,-21.7884],[-42.057,-21.7859],[-42.0508,-21.7786],[-42.0436,-21.7834],[-42.0395,-21.7732],[-42.0316,-21.7656],[-42.0136,-21.7714],[-42.0136,-21.7652],[-42.0219,-21.7562],[-42.0104,-21.7444],[-42.0046,-21.7455],[-42.0021,-21.7407],[-41.9868,-21.7355],[-41.9867,-21.7354],[-41.9816,-21.7333],[-41.98,-21.7388],[-41.9763,-21.739],[-41.9752,-21.7343],[-41.9522,-21.7285]]]}},{"type":"Feature","properties":{"id":"3305406","name":"Sapucaia"},"geometry":{"type":"Polygon","coordinates":[[[-42.702,-21.9927],[-42.6966,-22.0013],[-42.708,-22.013],[-42.7078,-22.0238],[-42.7156,-22.0254],[-42.7103,-22.0332],[-42.717,-22.0521],[-42.7254,-22.0527],[-42.7436,-22.0467],[-42.7423,-22.049],[-42.7424,-22.0495],[-42.7363,-22.0597],[-42.7304,-22.086],[-42.7355,-22.0953],[-42.7595,-22.1009],[-42.7546,-22.1171],[-42.7685,-22.1232],[-42.7792,-22.1199],[-42.7931,-22.1225],[-42.8056,-22.1343],[-42.811,-22.1346],[-42.8198,-22.1468],[-42.8285,-22.1431],[-42.8381,-22.1532],[-42.8638,-22.1646],[-42.8736,-22.1557],[-42.8732,-22.1446],[-42.8647,-22.1272],[-42.869,-22.1118],[-42.8721,-22.1019],[-42.8809,-22.1009],[-42.8824,-22.1016],[-42.8976,-22.1112],[-42.9068,-22.1115],[-42.9123,-22.1091],[-42.9152,-22.0994],[-42.9239,-22.1019],[-42.9283,-22.1038],[-42.9346,-22.095],[-42.948,-22.0949],[-42.9487,-22.0925],[-42.9573,-22.0848],[-42.9689,-22.0883],[-43.0109,-22.0834],[-43.0142,-22.0831],[-43.0132,-22.075],[-43.0078,-22.0717],[-43.0106,-22.056],[-43.0049,-22.05],[-43.0097,-22.0394],[-43.0026,-22.0319],[-42.9962,-22.0356],[-42.9686,-22.0144],[-42.9593,-22.0145],[-42.9467,-22.0054],[-42.9205,-21.9948],[-42.9087,-21.99],[-42.9019,-21.9842],[-42.8824,-21.9667],[-42.8821,-21.9596],[-42.8459,-21.9479],[-42.7913,-21.9304],[-42.7673,-21.9209],[-42.7432,-21.9096],[-42.7194,-21.8968],[-42.6685,-21.874],[-42.6681,-21.8797],[-42.6662,-21.8847],[-42.6636,-21.8914],[-42.6693,-21.8972],[-42.6623,-21.9062],[-42.664,-21.9157],[-42.6707,-21.9224],[-42.6729,-21.9364],[-42.6802,-21.9487],[-42.691,-21.9507],[-42.6994,-21.9605],[-42.6968,-21.9634],[-42.6892,-21.9631],[-42.6913,-21.9694],[-42.699,-21.9813],[-42.6978,-21.9894],[-42.702,-21.9927]]]}},{"type":"Feature","properties":{"id":"3305505","name":"Saquarema"},"geometry":{"type":"Polygon","coordinates":[[[-42.5597,-22.8112],[-42.5469,-22.8136],[-42.5333,-22.8093],[-42.5288,-22.8143],[-42.5276,-22.8159],[-42.5226,-22.8237],[-42.488,-22.8275],[-42.4845,-22.8304],[-42.4785,-22.8229],[-42.4544,-22.823],[-42.4484,-22.823],[-42.4271,-22.8263],[-42.4129,-22.8286],[-42.3702,-22.8352],[-42.3727,-22.8446],[-42.3831,-22.8837],[-42.3857,-22.888],[-42.3873,-22.8955],[-42.378,-22.9081],[-42.3669,-22.9355],[-42.4552,-22.9353],[-42.4762,-22.9386],[-42.5102,-22.9338],[-42.5856,-22.9332],[-42.6359,-22.9371],[-42.642,-22.9098],[-42.6556,-22.9038],[-42.6701,-22.9103],[-42.6804,-22.9095],[-42.6758,-22.9038],[-42.6767,-22.8975],[-42.6788,-22.8784],[-42.6716,-22.8701],[-42.6608,-22.8586],[-42.6462,-22.8546],[-42.6345,-22.8463],[-42.6356,-22.8379],[-42.6024,-22.8188],[-42.6008,-22.8162],[-42.596,-22.8137],[-42.5915,-22.8112],[-42.5813,-22.805],[-42.5681,-22.8035],[-42.5597,-22.8112]]]}},{"type":"Feature","properties":{"id":"3305554","name":"Seropédica"},"geometry":{"type":"Polygon","coordinates":[[[-43.7088,-22.6394],[-43.6912,-22.6497],[-43.6779,-22.6469],[-43.6697,-22.6524],[-43.6645,-22.6568],[-43.6571,-22.6588],[-43.6501,-22.6519],[-43.6403,-22.6508],[-43.6345,-22.6581],[-43.6363,-22.669],[-43.645,-22.6702],[-43.648,-22.6741],[-43.6497,-22.6772],[-43.6512,-22.6822],[-43.6377,-22.7136],[-43.6384,-22.7195],[-43.6393,-22.7234],[-43.6403,-22.7278],[-43.6441,-22.7366],[-43.6436,-22.7538],[-43.6319,-22.7744],[-43.6346,-22.7825],[-43.6271,-22.8063],[-43.6289,-22.811],[-43.6228,-22.82],[-43.6242,-22.8262],[-43.6544,-22.8479],[-43.6713,-22.8526],[-43.674,-22.8641],[-43.6741,-22.8642],[-43.7169,-22.8479],[-43.7176,-22.8476],[-43.73,-22.8427],[-43.7332,-22.8415],[-43.7571,-22.832],[-43.7611,-22.8304],[-43.7722,-22.82],[-43.773,-22.82],[-43.7842,-22.8183],[-43.8024,-22.8028],[-43.8036,-22.789],[-43.7996,-22.7793],[-43.7969,-22.7729],[-43.796,-22.7719],[-43.7751,-22.7689],[-43.7703,-22.757],[-43.7655,-22.7545],[-43.7715,-22.7497],[-43.7701,-22.7341],[-43.765,-22.7278],[-43.7504,-22.7273],[-43.7445,-22.7205],[-43.7435,-22.713],[-43.738,-22.7089],[-43.7398,-22.7053],[-43.7534,-22.6992],[-43.7477,-22.6845],[-43.7108,-22.6469],[-43.7126,-22.6411],[-43.7125,-22.641],[-43.7088,-22.6394]]]}},{"type":"Feature","properties":{"id":"3305604","name":"Silva Jardim"},"geometry":{"type":"Polygon","coordinates":[[[-42.2804,-22.4119],[-42.2893,-22.4279],[-42.2943,-22.4302],[-42.2967,-22.4423],[-42.304,-22.4578],[-42.3016,-22.4654],[-42.2942,-22.4654],[-42.2897,-22.4662],[-42.2829,-22.478],[-42.2706,-22.4859],[-42.2672,-22.4981],[-42.2613,-22.5055],[-42.2656,-22.519],[-42.2606,-22.527],[-42.2621,-22.5307],[-42.2548,-22.5319],[-42.2519,-22.5438],[-42.2468,-22.5456],[-42.2147,-22.5384],[-42.2053,-22.5408],[-42.1975,-22.5478],[-42.1929,-22.5475],[-42.1875,-22.5546],[-42.193,-22.558],[-42.1924,-22.5666],[-42.1986,-22.5761],[-42.2053,-22.5775],[-42.204,-22.5807],[-42.2148,-22.586],[-42.2157,-22.5922],[-42.2188,-22.5933],[-42.22,-22.59],[-42.2248,-22.5921],[-42.2277,-22.5897],[-42.2263,-22.5958],[-42.2376,-22.5989],[-42.2327,-22.604],[-42.2371,-22.6089],[-42.2406,-22.6078],[-42.2483,-22.6127],[-42.2628,-22.6077],[-42.2708,-22.6137],[-42.2833,-22.6232],[-42.297,-22.6241],[-42.3125,-22.6411],[-42.3238,-22.6833],[-42.3315,-22.6957],[-42.3325,-22.7042],[-42.357,-22.7131],[-42.361,-22.7127],[-42.3691,-22.7235],[-42.3798,-22.7183],[-42.3954,-22.7211],[-42.4009,-22.7303],[-42.4106,-22.7287],[-42.4197,-22.7358],[-42.441,-22.731],[-42.4544,-22.7254],[-42.4599,-22.7188],[-42.4714,-22.7233],[-42.4795,-22.725],[-42.4915,-22.7223],[-42.4986,-22.7248],[-42.5142,-22.7192],[-42.5288,-22.7169],[-42.5269,-22.6822],[-42.5269,-22.6801],[-42.5281,-22.6298],[-42.5533,-22.6184],[-42.5595,-22.6198],[-42.5641,-22.6196],[-42.5804,-22.5861],[-42.5808,-22.5852],[-42.5923,-22.5615],[-42.6025,-22.5406],[-42.5916,-22.5308],[-42.5926,-22.5251],[-42.5875,-22.5237],[-42.5751,-22.4903],[-42.5662,-22.4843],[-42.5646,-22.4673],[-42.5522,-22.4661],[-42.5519,-22.4548],[-42.5432,-22.4574],[-42.5361,-22.4557],[-42.5116,-22.4335],[-42.5093,-22.4361],[-42.4958,-22.4353],[-42.4827,-22.4416],[-42.4782,-22.4478],[-42.4665,-22.4472],[-42.4571,-22.4427],[-42.4526,-22.4344],[-42.4452,-22.4334],[-42.4335,-22.4316],[-42.4229,-22.4277],[-42.4095,-22.4277],[-42.4041,-22.4286],[-42.3896,-22.4211],[-42.3712,-22.4249],[-42.3661,-22.4194],[-42.3547,-22.4289],[-42.3437,-22.424],[-42.3353,-22.4289],[-42.3333,-22.4253],[-42.3254,-22.4257],[-42.3246,-22.4208],[-42.3153,-22.4244],[-42.2787,-22.4015],[-42.2705,-22.4023],[-42.2804,-22.4119]]]}},{"type":"Feature","properties":{"id":"3305703","name":"Sumidouro"},"geometry":{"type":"Polygon","coordinates":[[[-42.5646,-22.0384],[-42.5729,-22.0478],[-42.581,-22.0491],[-42.5737,-22.0577],[-42.5743,-22.0649],[-42.5881,-22.0765],[-42.598,-22.0778],[-42.6051,-22.0874],[-42.6034,-22.0973],[-42.5947,-22.0984],[-42.5868,-22.1033],[-42.5942,-22.1102],[-42.5945,-22.1105],[-42.6017,-22.111],[-42.6061,-22.1163],[-42.609,-22.1208],[-42.607,-22.1266],[-42.617,-22.134],[-42.6127,-22.1372],[-42.6108,-22.1402],[-42.5777,-22.1406],[-42.5735,-22.1629],[-42.5649,-22.1606],[-42.5573,-22.1634],[-42.5554,-22.1716],[-42.5642,-22.172],[-42.5656,-22.1781],[-42.5717,-22.1752],[-42.5765,-22.1786],[-42.5816,-22.177],[-42.5918,-22.1785],[-42.6028,-22.1893],[-42.6061,-22.1931],[-42.6127,-22.1961],[-42.6314,-22.1856],[-42.6407,-22.187],[-42.6415,-22.1909],[-42.643,-22.1957],[-42.6386,-22.2012],[-42.647,-22.2055],[-42.6432,-22.2083],[-42.6444,-22.2117],[-42.6523,-22.2134],[-42.6585,-22.2088],[-42.6593,-22.2178],[-42.6709,-22.2234],[-42.6743,-22.2401],[-42.6897,-22.2528],[-42.7038,-22.2585],[-42.7117,-22.2664],[-42.714,-22.267],[-42.7187,-22.259],[-42.7164,-22.2554],[-42.7241,-22.2448],[-42.7443,-22.2333],[-42.7346,-22.2224],[-42.7372,-22.2199],[-42.7328,-22.2175],[-42.733,-22.2092],[-42.7428,-22.2005],[-42.7455,-22.1934],[-42.7517,-22.1898],[-42.7513,-22.1851],[-42.7471,-22.1846],[-42.7478,-22.1801],[-42.7478,-22.1799],[-42.7445,-22.175],[-42.7483,-22.1704],[-42.7446,-22.1653],[-42.7558,-22.1573],[-42.7556,-22.1488],[-42.7509,-22.1457],[-42.7494,-22.1364],[-42.745,-22.1265],[-42.7471,-22.1227],[-42.7546,-22.1171],[-42.7595,-22.1009],[-42.7355,-22.0953],[-42.7304,-22.086],[-42.7363,-22.0597],[-42.7424,-22.0495],[-42.7423,-22.049],[-42.7436,-22.0467],[-42.7254,-22.0527],[-42.717,-22.0521],[-42.7103,-22.0332],[-42.7156,-22.0254],[-42.7078,-22.0238],[-42.708,-22.013],[-42.6966,-22.0013],[-42.702,-21.9927],[-42.6978,-21.9894],[-42.699,-21.9813],[-42.6913,-21.9694],[-42.6383,-21.9912],[-42.6379,-21.9913],[-42.5721,-22.0186],[-42.5752,-22.0254],[-42.5632,-22.0296],[-42.5646,-22.0384]]]}},{"type":"Feature","properties":{"id":"3305752","name":"Tanguá"},"geometry":{"type":"Polygon","coordinates":[[[-42.6992,-22.7288],[-42.6949,-22.753],[-42.6883,-22.7581],[-42.6902,-22.7624],[-42.685,-22.768],[-42.6771,-22.7702],[-42.6782,-22.7745],[-42.6893,-22.7855],[-42.6886,-22.7923],[-42.6853,-22.7936],[-42.68,-22.797],[-42.6606,-22.7992],[-42.6675,-22.8021],[-42.6652,-22.8041],[-42.6712,-22.8111],[-42.6668,-22.8187],[-42.6694,-22.8218],[-42.6578,-22.8266],[-42.6701,-22.8439],[-42.6613,-22.8487],[-42.6467,-22.8449],[-42.6462,-22.8546],[-42.6608,-22.8586],[-42.6698,-22.8566],[-42.6989,-22.8557],[-42.7017,-22.8493],[-42.7152,-22.8535],[-42.7316,-22.8412],[-42.7332,-22.8407],[-42.7388,-22.8332],[-42.7524,-22.8285],[-42.7508,-22.8246],[-42.7387,-22.8122],[-42.738,-22.8069],[-42.7504,-22.8015],[-42.7578,-22.7962],[-42.7843,-22.8039],[-42.798,-22.8002],[-42.803,-22.7943],[-42.7983,-22.7932],[-42.7989,-22.7903],[-42.7966,-22.7868],[-42.7896,-22.7872],[-42.7833,-22.7751],[-42.7911,-22.7719],[-42.7866,-22.7588],[-42.7914,-22.7533],[-42.7954,-22.7565],[-42.8004,-22.7536],[-42.7988,-22.7499],[-42.806,-22.7431],[-42.7988,-22.7362],[-42.7641,-22.7389],[-42.7628,-22.726],[-42.7611,-22.7242],[-42.7615,-22.7188],[-42.7698,-22.7097],[-42.7698,-22.7089],[-42.7547,-22.7018],[-42.746,-22.686],[-42.7149,-22.7199],[-42.6992,-22.7288]]]}},{"type":"Feature","properties":{"id":"3305802","name":"Teresópolis"},"geometry":{"type":"Polygon","coordinates":[[[-42.745,-22.1265],[-42.7494,-22.1364],[-42.7509,-22.1457],[-42.7556,-22.1488],[-42.7558,-22.1573],[-42.7446,-22.1653],[-42.7483,-22.1704],[-42.7445,-22.175],[-42.7478,-22.1799],[-42.7478,-22.1801],[-42.7471,-22.1846],[-42.7513,-22.1851],[-42.7517,-22.1898],[-42.7455,-22.1934],[-42.7428,-22.2005],[-42.733,-22.2092],[-42.7328,-22.2175],[-42.7372,-22.2199],[-42.7346,-22.2224],[-42.7443,-22.2333],[-42.7241,-22.2448],[-42.7164,-22.2554],[-42.7187,-22.259],[-42.714,-22.267],[-42.7179,-22.2766],[-42.7108,-22.2873],[-42.7117,-22.2932],[-42.7161,-22.2956],[-42.7202,-22.3062],[-42.7262,-22.3155],[-42.7179,-22.3278],[-42.7195,-22.3312],[-42.7236,-22.3349],[-42.7278,-22.3353],[-42.7229,-22.3502],[-42.7271,-22.3551],[-42.7399,-22.3598],[-42.7467,-22.3726],[-42.7631,-22.3763],[-42.7688,-22.3832],[-42.79,-22.3776],[-42.8031,-22.3773],[-42.8032,-22.3865],[-42.8154,-22.3907],[-42.8107,-22.4025],[-42.8268,-22.412],[-42.8405,-22.4108],[-42.8522,-22.4156],[-42.852,-22.4253],[-42.8572,-22.4258],[-42.8701,-22.4312],[-42.8702,-22.4381],[-42.8765,-22.4435],[-42.8747,-22.4476],[-42.879,-22.4469],[-42.8913,-22.4567],[-42.8956,-22.4568],[-42.9092,-22.455],[-42.9119,-22.4544],[-42.9252,-22.4529],[-42.9281,-22.4494],[-42.9417,-22.4569],[-42.9452,-22.4552],[-42.9544,-22.4569],[-42.9574,-22.4651],[-42.9629,-22.4636],[-42.9738,-22.47],[-42.9875,-22.462],[-42.9891,-22.4617],[-42.999,-22.4586],[-43.0161,-22.4657],[-43.0246,-22.461],[-43.0256,-22.4548],[-43.0238,-22.4419],[-43.022,-22.4402],[-43.0321,-22.4329],[-43.035,-22.4231],[-43.0315,-22.4197],[-43.0384,-22.4159],[-43.0274,-22.3925],[-43.0337,-22.3897],[-43.0291,-22.3773],[-43.0338,-22.3695],[-43.0245,-22.3593],[-43.02,-22.3552],[-43.0263,-22.3523],[-43.0278,-22.3453],[-43.0335,-22.3445],[-43.0251,-22.3389],[-43.0299,-22.3381],[-43.0337,-22.3282],[-43.0481,-22.3266],[-43.0449,-22.3196],[-43.0435,-22.3177],[-43.0391,-22.3114],[-43.0244,-22.3064],[-43.0128,-22.2983],[-43.0167,-22.2896],[-43.0053,-22.2871],[-42.9967,-22.2806],[-42.9894,-22.2779],[-42.9875,-22.2689],[-42.9832,-22.263],[-42.9804,-22.2642],[-42.9802,-22.2642],[-42.9738,-22.2623],[-42.9705,-22.2541],[-42.957,-22.2529],[-42.9372,-22.2315],[-42.9255,-22.2253],[-42.9143,-22.2232],[-42.9067,-22.2248],[-42.9065,-22.2247],[-42.8998,-22.2085],[-42.8927,-22.1897],[-42.8871,-22.1877],[-42.8865,-22.1875],[-42.8776,-22.1859],[-42.8764,-22.1909],[-42.8682,-22.1904],[-42.8541,-22.183],[-42.8519,-22.1775],[-42.8455,-22.1738],[-42.8388,-22.1749],[-42.8145,-22.163],[-42.8058,-22.1567],[-42.8021,-22.1489],[-42.7943,-22.1445],[-42.7796,-22.1335],[-42.7755,-22.1303],[-42.7685,-22.1317],[-42.765,-22.1281],[-42.7625,-22.1274],[-42.7613,-22.127],[-42.7471,-22.1227],[-42.745,-22.1265]]]}},{"type":"Feature","properties":{"id":"3305901","name":"Trajano de Moraes"},"geometry":{"type":"Polygon","coordinates":[[[-42.1553,-22.0096],[-42.1477,-22.0239],[-42.138,-22.0193],[-42.1359,-22.0245],[-42.1391,-22.0286],[-42.1356,-22.0329],[-42.0997,-22.0302],[-42.1022,-22.0466],[-42.0609,-22.0568],[-42.0516,-22.0591],[-42.0009,-22.0571],[-41.9891,-22.062],[-41.9604,-22.0769],[-41.9622,-22.0951],[-41.9587,-22.0982],[-41.9623,-22.1052],[-41.9577,-22.1171],[-41.9615,-22.1262],[-41.9713,-22.1313],[-41.9781,-22.1246],[-42.006,-22.1421],[-42.0197,-22.1467],[-42.0241,-22.152],[-42.0268,-22.157],[-42.0398,-22.1607],[-42.0756,-22.1633],[-42.0893,-22.1721],[-42.097,-22.1834],[-42.0931,-22.1885],[-42.0962,-22.1923],[-42.0925,-22.2006],[-42.0967,-22.2016],[-42.1076,-22.2088],[-42.1137,-22.2063],[-42.1283,-22.2136],[-42.147,-22.2097],[-42.1587,-22.2147],[-42.1627,-22.2213],[-42.1679,-22.224],[-42.1782,-22.2327],[-42.1829,-22.2429],[-42.1941,-22.2453],[-42.2038,-22.2543],[-42.2112,-22.2603],[-42.2271,-22.2742],[-42.2336,-22.2881],[-42.2389,-22.2858],[-42.2478,-22.2934],[-42.2507,-22.3063],[-42.2558,-22.3036],[-42.2654,-22.307],[-42.2686,-22.3021],[-42.2736,-22.3021],[-42.2788,-22.2939],[-42.2875,-22.2927],[-42.2856,-22.2888],[-42.293,-22.2887],[-42.2945,-22.2847],[-42.2827,-22.2786],[-42.2805,-22.2725],[-42.2617,-22.2639],[-42.2598,-22.2585],[-42.2519,-22.2558],[-42.2543,-22.2515],[-42.2487,-22.2478],[-42.2508,-22.2357],[-42.2343,-22.2317],[-42.2362,-22.2291],[-42.2436,-22.2214],[-42.2535,-22.2197],[-42.2543,-22.2192],[-42.2548,-22.2137],[-42.2655,-22.2163],[-42.2756,-22.2079],[-42.2811,-22.2076],[-42.2856,-22.2003],[-42.2808,-22.1913],[-42.2822,-22.1804],[-42.2922,-22.169],[-42.292,-22.1597],[-42.2972,-22.1507],[-42.2906,-22.1399],[-42.2801,-22.141],[-42.2771,-22.1296],[-42.2796,-22.1228],[-42.2936,-22.1148],[-42.2858,-22.1135],[-42.2658,-22.121],[-42.263,-22.1184],[-42.2657,-22.1064],[-42.2702,-22.104],[-42.2756,-22.107],[-42.2752,-22.0969],[-42.2781,-22.0955],[-42.2686,-22.0894],[-42.2653,-22.0816],[-42.2692,-22.0695],[-42.2609,-22.0627],[-42.26,-22.046],[-42.249,-22.044],[-42.2401,-22.0338],[-42.2506,-22.0284],[-42.2396,-22.024],[-42.2331,-22.0289],[-42.2241,-22.0133],[-42.219,-22.0092],[-42.2047,-22.0155],[-42.1945,-22.0133],[-42.1864,-22.0176],[-42.1801,-22.0066],[-42.1733,-22.0045],[-42.1553,-22.0096]]]}},{"type":"Feature","properties":{"id":"3306008","name":"Três Rios"},"geometry":{"type":"Polygon","coordinates":[[[-43.1455,-22.0972],[-43.1361,-22.1092],[-43.1272,-22.1044],[-43.1221,-22.0906],[-43.1063,-22.0836],[-43.0891,-22.0875],[-43.0776,-22.0836],[-43.0737,-22.0929],[-43.0527,-22.0821],[-43.0327,-22.0654],[-43.0322,-22.0597],[-43.0385,-22.0525],[-43.039,-22.0461],[-43.0026,-22.0319],[-43.0097,-22.0394],[-43.0049,-22.05],[-43.0106,-22.056],[-43.0078,-22.0717],[-43.0132,-22.075],[-43.0142,-22.0831],[-43.0109,-22.0834],[-42.9689,-22.0883],[-42.9727,-22.0987],[-42.9674,-22.1052],[-42.9643,-22.1266],[-42.956,-22.1377],[-42.9741,-22.1429],[-43.0012,-22.1508],[-43.0134,-22.1468],[-43.0177,-22.1511],[-43.0477,-22.2073],[-43.0587,-22.1894],[-43.0511,-22.1818],[-43.0424,-22.1793],[-43.0396,-22.1687],[-43.0344,-22.1664],[-43.0377,-22.163],[-43.055,-22.1643],[-43.0809,-22.1807],[-43.0932,-22.1831],[-43.0949,-22.1908],[-43.0977,-22.1924],[-43.1008,-22.1921],[-43.104,-22.1919],[-43.1085,-22.1995],[-43.119,-22.1991],[-43.1308,-22.1909],[-43.1419,-22.1941],[-43.164,-22.1851],[-43.1661,-22.186],[-43.167,-22.1866],[-43.1676,-22.1869],[-43.1978,-22.2005],[-43.2007,-22.1775],[-43.2376,-22.1443],[-43.2415,-22.1409],[-43.2453,-22.1375],[-43.2497,-22.1309],[-43.2502,-22.1297],[-43.2591,-22.1025],[-43.2187,-22.0706],[-43.214,-22.0666],[-43.2128,-22.0663],[-43.2115,-22.0659],[-43.1982,-22.0619],[-43.1429,-22.0457],[-43.1407,-22.039],[-43.1309,-22.0355],[-43.1277,-22.0458],[-43.1337,-22.0585],[-43.1502,-22.0712],[-43.1537,-22.0775],[-43.1457,-22.0946],[-43.1455,-22.0972]]]}},{"type":"Feature","properties":{"id":"3306107","name":"Valença"},"geometry":{"type":"Polygon","coordinates":[[[-43.7656,-22.0624],[-43.7634,-22.0728],[-43.7558,-22.0765],[-43.7601,-22.0805],[-43.746,-22.0878],[-43.7465,-22.0923],[-43.7408,-22.0946],[-43.7342,-22.0968],[-43.7195,-22.0807],[-43.7095,-22.0811],[-43.709,-22.0765],[-43.6998,-22.0774],[-43.6914,-22.0704],[-43.6815,-22.0711],[-43.6797,-22.0806],[-43.6736,-22.0894],[-43.6682,-22.0855],[-43.6617,-22.091],[-43.6594,-22.1044],[-43.664,-22.1462],[-43.664,-22.1466],[-43.6641,-22.1471],[-43.6614,-22.1552],[-43.6659,-22.1581],[-43.6654,-22.1621],[-43.6738,-22.166],[-43.6658,-22.1727],[-43.6634,-22.1804],[-43.6573,-22.1803],[-43.655,-22.1857],[-43.6591,-22.1959],[-43.6565,-22.1978],[-43.6508,-22.2041],[-43.635,-22.2062],[-43.6335,-22.2102],[-43.6318,-22.2146],[-43.6293,-22.2185],[-43.6221,-22.2217],[-43.6078,-22.2258],[-43.6111,-22.2429],[-43.6033,-22.2468],[-43.6102,-22.2525],[-43.6081,-22.2581],[-43.5992,-22.2584],[-43.5978,-22.2615],[-43.5922,-22.2604],[-43.5877,-22.2637],[-43.5937,-22.2661],[-43.5884,-22.2683],[-43.5865,-22.276],[-43.5943,-22.2839],[-43.5924,-22.2859],[-43.5886,-22.2875],[-43.6057,-22.3063],[-43.6117,-22.3079],[-43.616,-22.304],[-43.6263,-22.3054],[-43.6392,-22.3169],[-43.6553,-22.313],[-43.6569,-22.3138],[-43.6682,-22.3242],[-43.6687,-22.3341],[-43.6618,-22.3365],[-43.6618,-22.3395],[-43.6643,-22.3428],[-43.676,-22.3434],[-43.6779,-22.3499],[-43.6768,-22.3588],[-43.687,-22.3604],[-43.6891,-22.3608],[-43.6935,-22.3616],[-43.6941,-22.3744],[-43.7041,-22.3861],[-43.7103,-22.3828],[-43.7191,-22.376],[-43.7307,-22.3772],[-43.7312,-22.3867],[-43.7414,-22.3989],[-43.7486,-22.4034],[-43.7656,-22.3892],[-43.7747,-22.375],[-43.7753,-22.3678],[-43.7808,-22.3653],[-43.7835,-22.361],[-43.7962,-22.3632],[-43.7956,-22.3565],[-43.8029,-22.3564],[-43.8041,-22.3557],[-43.8093,-22.352],[-43.8226,-22.3679],[-43.8298,-22.3749],[-43.837,-22.3742],[-43.8367,-22.3856],[-43.8447,-22.3836],[-43.8473,-22.3694],[-43.8575,-22.3728],[-43.8568,-22.37],[-43.8499,-22.3367],[-43.8419,-22.3278],[-43.8488,-22.3153],[-43.8552,-22.3144],[-43.8692,-22.3252],[-43.8849,-22.3292],[-43.8934,-22.3449],[-43.9142,-22.3504],[-43.9405,-22.3798],[-43.9406,-22.3752],[-43.9402,-22.3719],[-43.9475,-22.367],[-43.9378,-22.3564],[-43.9327,-22.3582],[-43.93,-22.3514],[-43.9371,-22.3449],[-43.9406,-22.3489],[-43.9504,-22.3496],[-43.9515,-22.3437],[-43.9588,-22.339],[-43.9662,-22.3433],[-43.971,-22.3249],[-43.9746,-22.3116],[-43.988,-22.3084],[-44.0085,-22.3096],[-44.0168,-22.3051],[-44.0231,-22.2947],[-44.0244,-22.2959],[-44.0471,-22.3068],[-44.053,-22.3131],[-44.0673,-22.3153],[-44.0958,-22.3294],[-44.1169,-22.3294],[-44.1235,-22.3385],[-44.1352,-22.3364],[-44.1405,-22.337],[-44.1471,-22.3306],[-44.1477,-22.3201],[-44.1544,-22.3177],[-44.1572,-22.3123],[-44.1461,-22.3021],[-44.1459,-22.2955],[-44.1503,-22.2931],[-44.1462,-22.2808],[-44.1682,-22.2699],[-44.1564,-22.2572],[-44.1566,-22.252],[-44.159,-22.2491],[-44.1639,-22.2517],[-44.1752,-22.2413],[-44.1798,-22.2433],[-44.1814,-22.2396],[-44.1891,-22.2403],[-44.1806,-22.2326],[-44.1798,-22.2276],[-44.1732,-22.23],[-44.1664,-22.2271],[-44.1666,-22.2317],[-44.1637,-22.2321],[-44.1582,-22.2248],[-44.1532,-22.2265],[-44.1488,-22.2132],[-44.1407,-22.2198],[-44.1332,-22.2096],[-44.127,-22.2116],[-44.126,-22.2083],[-44.1211,-22.2086],[-44.1249,-22.2],[-44.1209,-22.1948],[-44.1227,-22.1878],[-44.1189,-22.1868],[-44.1175,-22.1896],[-44.1047,-22.1841],[-44.1045,-22.1773],[-44.0997,-22.1728],[-44.0898,-22.1753],[-44.0874,-22.1839],[-44.0844,-22.1751],[-44.0764,-22.1749],[-44.0721,-22.1645],[-44.066,-22.1616],[-44.0406,-22.1601],[-44.0379,-22.1539],[-44.0235,-22.1509],[-44.0046,-22.1619],[-43.9976,-22.1556],[-43.9929,-22.1578],[-43.9879,-22.1497],[-43.9767,-22.1492],[-43.9784,-22.1462],[-43.9607,-22.1395],[-43.9529,-22.141],[-43.9404,-22.1317],[-43.8886,-22.114],[-43.8802,-22.1132],[-43.8799,-22.1081],[-43.8795,-22.0999],[-43.871,-22.1034],[-43.8703,-22.0995],[-43.8619,-22.0991],[-43.8572,-22.0947],[-43.843,-22.0985],[-43.8383,-22.0957],[-43.8347,-22.0947],[-43.818,-22.0862],[-43.8163,-22.0862],[-43.8107,-22.0855],[-43.8124,-22.0829],[-43.8099,-22.0818],[-43.7998,-22.082],[-43.777,-22.0663],[-43.7683,-22.0671],[-43.7656,-22.0624]]]}},{"type":"Feature","properties":{"id":"3306156","name":"Varre-Sai"},"geometry":{"type":"Polygon","coordinates":[[[-41.7553,-20.8071],[-41.75,-20.8176],[-41.7478,-20.8129],[-41.7405,-20.8178],[-41.7426,-20.8252],[-41.7389,-20.8273],[-41.7407,-20.8296],[-41.737,-20.8361],[-41.7452,-20.8528],[-41.7428,-20.8587],[-41.7398,-20.8656],[-41.7415,-20.8723],[-41.7493,-20.8711],[-41.757,-20.875],[-41.761,-20.8824],[-41.7775,-20.8968],[-41.7879,-20.9089],[-41.8133,-20.9449],[-41.8078,-20.9566],[-41.8004,-20.9575],[-41.7972,-20.9625],[-41.7919,-20.9615],[-41.7917,-20.9738],[-41.7954,-20.9841],[-41.8008,-20.9862],[-41.8167,-20.9737],[-41.8107,-20.9615],[-41.8172,-20.9628],[-41.8196,-20.9554],[-41.8275,-20.9505],[-41.8367,-20.9562],[-41.8548,-20.9495],[-41.8615,-20.9691],[-41.8678,-20.9727],[-41.8925,-20.9719],[-41.8946,-20.9694],[-41.8971,-20.965],[-41.9062,-20.9651],[-41.9156,-20.9536],[-41.9182,-20.9463],[-41.9127,-20.9404],[-41.911,-20.9288],[-41.9053,-20.924],[-41.8958,-20.9273],[-41.8832,-20.9248],[-41.8922,-20.9129],[-41.8996,-20.9021],[-41.9035,-20.9014],[-41.9041,-20.8775],[-41.9031,-20.8764],[-41.8694,-20.8688],[-41.8619,-20.8635],[-41.859,-20.8559],[-41.8581,-20.8556],[-41.8519,-20.8558],[-41.8266,-20.8411],[-41.809,-20.8285],[-41.7994,-20.8151],[-41.7863,-20.8095],[-41.775,-20.7994],[-41.7671,-20.8015],[-41.7635,-20.8066],[-41.7553,-20.8071]]]}},{"type":"Feature","properties":{"id":"3306206","name":"Vassouras"},"geometry":{"type":"Polygon","coordinates":[[[-43.4562,-22.2161],[-43.431,-22.2366],[-43.4204,-22.2301],[-43.4174,-22.224],[-43.4027,-22.2159],[-43.3966,-22.2228],[-43.3635,-22.2585],[-43.3631,-22.2589],[-43.3488,-22.2746],[-43.3859,-22.2831],[-43.3987,-22.2861],[-43.4537,-22.2988],[-43.4703,-22.3026],[-43.5055,-22.3107],[-43.5136,-22.3291],[-43.5135,-22.3293],[-43.5129,-22.3337],[-43.5068,-22.3321],[-43.5035,-22.3478],[-43.4999,-22.3512],[-43.4981,-22.3641],[-43.4949,-22.3699],[-43.4879,-22.3731],[-43.4887,-22.3784],[-43.5009,-22.3891],[-43.5077,-22.4012],[-43.4926,-22.4173],[-43.4921,-22.4186],[-43.508,-22.426],[-43.5046,-22.4341],[-43.5173,-22.4462],[-43.5304,-22.4424],[-43.5396,-22.451],[-43.5437,-22.4713],[-43.5544,-22.5256],[-43.5574,-22.5153],[-43.5605,-22.5041],[-43.5691,-22.4743],[-43.5728,-22.4605],[-43.5838,-22.4561],[-43.6341,-22.4711],[-43.651,-22.4761],[-43.6572,-22.478],[-43.7166,-22.4957],[-43.7168,-22.4957],[-43.7409,-22.482],[-43.7473,-22.4727],[-43.7515,-22.4659],[-43.749,-22.4627],[-43.7546,-22.4595],[-43.7605,-22.4561],[-43.759,-22.4492],[-43.7646,-22.4482],[-43.7663,-22.4432],[-43.778,-22.4404],[-43.7784,-22.4377],[-43.772,-22.4362],[-43.7619,-22.4234],[-43.7577,-22.4165],[-43.7555,-22.4107],[-43.7486,-22.4034],[-43.7414,-22.3989],[-43.7312,-22.3867],[-43.7307,-22.3772],[-43.7191,-22.376],[-43.7103,-22.3828],[-43.7041,-22.3861],[-43.6941,-22.3744],[-43.6935,-22.3616],[-43.6891,-22.3608],[-43.687,-22.3604],[-43.6768,-22.3588],[-43.6779,-22.3499],[-43.676,-22.3434],[-43.6643,-22.3428],[-43.6618,-22.3395],[-43.6618,-22.3365],[-43.6687,-22.3341],[-43.6682,-22.3242],[-43.6569,-22.3138],[-43.6553,-22.313],[-43.6392,-22.3169],[-43.6263,-22.3054],[-43.616,-22.304],[-43.6117,-22.3079],[-43.6057,-22.3063],[-43.5886,-22.2875],[-43.5859,-22.2859],[-43.5838,-22.2852],[-43.5773,-22.279],[-43.5606,-22.2649],[-43.5257,-22.2763],[-43.5165,-22.2598],[-43.5159,-22.2502],[-43.5194,-22.2441],[-43.5139,-22.2358],[-43.5035,-22.2405],[-43.4811,-22.2489],[-43.4713,-22.2309],[-43.471,-22.2169],[-43.4668,-22.2147],[-43.4562,-22.2161]]]}},{"type":"Feature","properties":{"id":"3306305","name":"Volta Redonda"},"geometry":{"type":"Polygon","coordinates":[[[-44.0294,-22.5196],[-44.0353,-22.5308],[-44.0327,-22.5379],[-44.0376,-22.5401],[-44.041,-22.5511],[-44.054,-22.5531],[-44.0629,-22.5778],[-44.0678,-22.5917],[-44.0721,-22.6036],[-44.0858,-22.6418],[-44.0905,-22.6065],[-44.0877,-22.6037],[-44.0962,-22.5967],[-44.0942,-22.5879],[-44.0907,-22.5786],[-44.0975,-22.5766],[-44.0897,-22.5636],[-44.0904,-22.5596],[-44.0856,-22.545],[-44.0905,-22.5282],[-44.1151,-22.5336],[-44.1354,-22.5363],[-44.1387,-22.5353],[-44.1385,-22.5313],[-44.1416,-22.5268],[-44.1528,-22.5228],[-44.1553,-22.4944],[-44.1536,-22.4855],[-44.1512,-22.4521],[-44.141,-22.4347],[-44.128,-22.4269],[-44.1057,-22.4189],[-44.0961,-22.4075],[-44.0893,-22.4059],[-44.0052,-22.4066],[-44.0022,-22.4075],[-44.0275,-22.426],[-44.0365,-22.4291],[-44.0496,-22.4445],[-44.0607,-22.4517],[-44.071,-22.4592],[-44.0613,-22.4622],[-44.0551,-22.4707],[-44.0532,-22.4797],[-44.0303,-22.4967],[-44.0308,-22.5039],[-44.0277,-22.5068],[-44.0294,-22.5196]]]}}]}